Date,Actual,High,Low,Open,Volume,Coin,Predicted_Close,Lower_CI,Upper_CI
2024-01-01,44167.33203125,44175.4375,42214.9765625,42280.234375,18426978443.0,BTC-USD,38488.7334138319,32858.22363074989,44441.35944786201
2024-01-02,44957.96875,45899.70703125,44176.94921875,44187.140625,39335274536.0,BTC-USD,38326.78160339335,32412.005030584147,43864.29266540651
2024-01-03,42848.17578125,45503.2421875,40813.53515625,44961.6015625,46342323118.0,BTC-USD,39090.12859344192,33216.2104964054,44788.84269062177
2024-01-04,44179.921875,44770.0234375,42675.17578125,42855.81640625,30448091210.0,BTC-USD,39159.514018828995,33009.600963679084,45166.22440885464
2024-01-05,44162.69140625,44353.28515625,42784.71875,44192.98046875,32336029347.0,BTC-USD,39511.85545355827,33631.96185518533,45187.72301744341
2024-01-06,43989.1953125,44227.6328125,43475.15625,44178.953125,16092503468.0,BTC-USD,39629.62862723425,34365.901838094505,45358.05252011358
2024-01-07,43943.09765625,44495.5703125,43662.23046875,43998.46484375,19330573863.0,BTC-USD,39964.58582158739,34253.89798174553,45110.73508338317
2024-01-08,46970.50390625,47218.0,43244.08203125,43948.70703125,42746192015.0,BTC-USD,40644.60896945937,35178.01382182562,46117.37272617266
2024-01-09,46139.73046875,47893.69921875,45244.71484375,46987.640625,39821290992.0,BTC-USD,40482.657159020404,34631.10757394481,45930.65355551452
2024-01-10,46627.77734375,47647.22265625,44483.15234375,46121.5390625,50114613298.0,BTC-USD,41246.00414906858,35613.75380540485,46837.470480158474
2024-01-11,46368.5859375,48969.37109375,45678.64453125,46656.07421875,45833734549.0,BTC-USD,41315.389574455316,35637.18604203494,47114.79777361198
2024-01-12,42853.16796875,46498.13671875,41903.76953125,46354.79296875,43332698900.0,BTC-USD,41667.73100918632,35960.81790089817,47455.90601428155
2024-01-13,42842.3828125,43234.66015625,42464.14453125,42799.4453125,20601860469.0,BTC-USD,41785.504182861645,36029.022586778054,47460.741540835596
2024-01-14,41796.26953125,43065.59765625,41724.61328125,42842.26171875,17521429522.0,BTC-USD,42120.461383499205,36201.40244577788,47859.86238840236
2024-01-15,42511.96875,43319.72265625,41705.41796875,41715.06640625,22320220558.0,BTC-USD,42800.48453765377,37212.37945751765,48507.54450808233
2024-01-16,43154.9453125,43566.2734375,42085.99609375,42499.3359375,24062872740.0,BTC-USD,42638.53273349811,37099.20639546205,48367.98608119753
2024-01-17,42742.65234375,43189.890625,42189.30859375,43132.1015625,20851232595.0,BTC-USD,43401.87972983042,37537.26710462974,49215.78856960828
2024-01-18,41262.05859375,42876.34765625,40631.171875,42742.3125,25218357242.0,BTC-USD,43471.26516150043,37921.93346553634,49231.75097268427
2024-01-19,41618.40625,42134.16015625,40297.45703125,41278.4609375,25752407154.0,BTC-USD,43823.606602515676,37907.64733374741,49466.53155552505
2024-01-20,41665.5859375,41877.89453125,41446.82421875,41624.58984375,11586690904.0,BTC-USD,43941.37978247401,38111.95868706626,49336.16844603924
2024-01-21,41545.78515625,41855.3671875,41497.0078125,41671.48828125,9344043642.0,BTC-USD,44276.33698310981,38804.23118749579,50109.966190359744
2024-01-22,39507.3671875,41651.20703125,39450.1171875,41553.65234375,31338708143.0,BTC-USD,44956.360137265925,39263.925351688275,50614.644767459744
2024-01-23,39845.55078125,40127.3515625,38521.89453125,39518.71484375,29244553045.0,BTC-USD,44794.40833311022,39058.39114750041,50362.756974926124
2024-01-24,40077.07421875,40483.78515625,39508.796875,39877.59375,22359526178.0,BTC-USD,45557.75532944181,40034.7344197775,51403.07543870241
2024-01-25,39933.80859375,40254.48046875,39545.6640625,40075.55078125,18491782013.0,BTC-USD,45681.43124261658,40371.71815545688,51838.376916069385
2024-01-26,41816.87109375,42209.38671875,39825.69140625,39936.81640625,25598119893.0,BTC-USD,46088.063165137115,40391.325326352424,51775.65009848672
2024-01-27,42120.0546875,42195.6328125,41431.28125,41815.625,11422941934.0,BTC-USD,46260.12682660127,40315.276284155494,51536.613266817854
2024-01-28,42035.59375,42797.17578125,41696.91015625,42126.125,16858971687.0,BTC-USD,46649.37450874281,40830.665442540994,52015.6257410518
2024-01-29,43288.24609375,43305.8671875,41818.33203125,42030.9140625,20668476578.0,BTC-USD,47383.688144403095,41519.97547371736,53643.69562623565
2024-01-30,42952.609375,43838.9453125,42711.37109375,43300.2265625,23842814518.0,BTC-USD,47276.02682175211,41441.06479199668,52867.9559762775
2024-01-31,42582.60546875,43717.40625,42298.9453125,42946.25,24673628793.0,BTC-USD,48093.66429958858,42804.94379217923,54192.9114138587
2024-02-01,43075.7734375,43243.16796875,41879.19140625,42569.76171875,21423953779.0,BTC-USD,48217.34021276576,42287.74793394968,53878.97849972861
2024-02-02,43185.859375,43422.48828125,42584.3359375,43077.640625,18603843039.0,BTC-USD,48623.97213528339,43022.986362119555,54102.39671687375
2024-02-03,42992.25,43359.94140625,42890.80859375,43184.96484375,11169245236.0,BTC-USD,48796.03579674691,43418.97328183045,54451.603317607565
2024-02-04,42583.58203125,43097.64453125,42374.83203125,42994.94140625,14802225490.0,BTC-USD,49185.28347888862,43135.95219156376,55161.68980922352
2024-02-05,42658.66796875,43494.25,42264.81640625,42577.62109375,18715487317.0,BTC-USD,49919.59711454921,44217.55229666539,55590.889087941134
2024-02-06,43084.671875,43344.1484375,42529.01953125,42657.390625,16798476726.0,BTC-USD,49822.43170157171,44094.4098659493,55758.44755062503
2024-02-07,44318.22265625,44341.94921875,42775.95703125,43090.01953125,21126587775.0,BTC-USD,50650.565089081196,44790.19341091188,55833.81265193073
2024-02-08,45301.56640625,45575.83984375,44332.125,44332.125,26154524080.0,BTC-USD,50784.73691193048,45520.90242105164,56318.16735262698
2024-02-09,47147.19921875,48152.49609375,45260.82421875,45297.3828125,39316770844.0,BTC-USD,51201.864744122344,45538.432728994776,57043.285922604155
2024-02-10,47771.27734375,48146.171875,46905.3203125,47153.52734375,16398681570.0,BTC-USD,51384.424315257165,45802.634443502655,56785.37516865754
2024-02-11,48293.91796875,48535.9375,47617.40625,47768.96875,19315867136.0,BTC-USD,51784.16790707278,45394.727159187525,57370.759492549296
2024-02-12,49958.22265625,50280.4765625,47745.76171875,48296.38671875,34511985805.0,BTC-USD,52528.97745240739,46873.602106187354,58441.465372605286
2024-02-13,49742.44140625,50358.390625,48406.49609375,49941.359375,35593051468.0,BTC-USD,52431.81203942884,46883.81407487112,57665.75871295269
2024-02-14,51826.6953125,52021.37109375,49296.83203125,49733.4453125,39105608050.0,BTC-USD,53259.945426938895,47803.37076503531,59139.955039796216
2024-02-15,51938.5546875,52820.06640625,51371.62890625,51836.78515625,38564360533.0,BTC-USD,53394.117249787916,47873.41110704793,58554.07669093026
2024-02-16,52160.203125,52537.96875,51641.3671875,51937.7265625,28180567298.0,BTC-USD,53811.245081980465,47901.95623389324,59701.55995063361
2024-02-17,51662.99609375,52191.9140625,50669.66796875,52161.67578125,20009091006.0,BTC-USD,53993.80465311473,48027.55980047531,59794.27056416245
2024-02-18,52122.546875,52356.96484375,51233.70703125,51661.96875,17595377311.0,BTC-USD,54393.54825345242,49063.164340441945,59995.12967704176
2024-02-19,51779.14453125,52483.32421875,51711.8203125,52134.8125,21362184346.0,BTC-USD,55138.35780730908,49099.92158978879,61384.27894347135
2024-02-20,52284.875,52945.05078125,50792.3125,51777.7265625,33353758256.0,BTC-USD,55041.19240285393,48736.65381286013,60822.96696886248
2024-02-21,51839.1796875,52368.81640625,50671.7578125,52273.53515625,28624907020.0,BTC-USD,55869.32579888687,49721.03276085261,62148.05558946073
2024-02-22,51304.97265625,52009.61328125,50926.29296875,51854.64453125,25413900611.0,BTC-USD,56003.49763025713,50036.683501126456,61131.69835276401
2024-02-23,50731.94921875,51497.93359375,50561.77734375,51283.90625,21427078270.0,BTC-USD,56420.62547097118,50842.6846149309,61968.46130997957
2024-02-24,51571.1015625,51684.1953125,50585.4453125,50736.37109375,15174077879.0,BTC-USD,56603.18505063029,51040.95195480567,62127.73203650542
2024-02-25,51733.23828125,51950.02734375,51306.171875,51565.21484375,15413239245.0,BTC-USD,57002.92865096665,50939.20694676185,62714.09550002671
2024-02-26,54522.40234375,54938.17578125,50931.03125,51730.5390625,34074411896.0,BTC-USD,57747.738204824425,51738.93376256775,63811.2372572867
2024-02-27,57085.37109375,57537.83984375,54484.19921875,54519.36328125,49756832031.0,BTC-USD,57650.57280036921,52071.69637126899,63162.63046295452
2024-02-28,62504.7890625,63913.1328125,56738.42578125,57071.09765625,83239156760.0,BTC-USD,58478.70619640097,52955.688290200924,64229.89671944488
2024-02-29,61198.3828125,63585.64453125,60498.73046875,62499.18359375,65496611844.0,BTC-USD,58612.878032128036,53203.504938035985,64405.652128052905
2024-03-01,62440.6328125,63155.1015625,60802.52734375,61168.0625,40186368423.0,BTC-USD,59030.005877198244,53075.87013476547,64084.556150676515
2024-03-02,62029.84765625,62458.69921875,61657.2890625,62431.65234375,23888473685.0,BTC-USD,59212.565461212194,53954.471267098976,65380.76265603583
2024-03-03,63167.37109375,63230.2109375,61435.0234375,62031.578125,26253811450.0,BTC-USD,59612.30906590364,54057.9826188633,64986.91083230143
2024-03-04,68330.4140625,68537.03125,62386.51953125,63137.00390625,70670471105.0,BTC-USD,60357.118624116396,54307.93690702066,65782.9807177671
2024-03-05,63801.19921875,69170.625,59323.91015625,68341.0546875,102802940877.0,BTC-USD,60259.95322401707,54718.12421579237,65766.16335187442
2024-03-06,66106.8046875,67637.9296875,62848.671875,63776.05078125,68750229073.0,BTC-USD,61088.08662440408,55127.69898091246,66792.24656022096
2024-03-07,66925.484375,68029.921875,65655.53125,66099.7421875,46989543159.0,BTC-USD,61222.25846013196,55818.636808456875,66810.4796995178
2024-03-08,68300.09375,70083.0546875,66230.453125,66938.09375,59202881172.0,BTC-USD,61639.38630520134,55838.78543098267,67549.05776882257
2024-03-09,68498.8828125,68673.0546875,68053.125,68299.2578125,21609650379.0,BTC-USD,61821.94588921466,56008.24729943492,67349.22623745806
2024-03-10,69019.7890625,70005.203125,68239.9765625,68500.2578125,35683977532.0,BTC-USD,62221.68949390839,55949.92823214,67922.24394211962
2024-03-11,72123.90625,72850.7109375,67194.8828125,69020.546875,65716656765.0,BTC-USD,62966.49905212013,57449.440922199574,68518.86425435572
2024-03-12,71481.2890625,72825.65625,68728.8515625,72125.125,62554434520.0,BTC-USD,62753.9404979637,56673.84298981932,68419.61812527521
2024-03-13,73083.5,73637.4765625,71334.09375,71482.1171875,48212536929.0,BTC-USD,63466.68074429403,57609.70097723562,69264.23256203314
2024-03-14,71396.59375,73750.0703125,68563.0234375,73079.375,59594605698.0,BTC-USD,63485.45942596459,57989.60751180089,69157.05710997047
2024-03-15,69403.7734375,72357.1328125,65630.6953125,71387.875,78320453976.0,BTC-USD,63787.19411697759,57791.6495303599,69255.10242188424
2024-03-16,65315.1171875,70046.2734375,64801.39453125,69392.484375,46842198371.0,BTC-USD,63854.36054693478,58045.33900752092,69629.45101177267
2024-03-17,68390.625,68845.71875,64545.31640625,65316.34375,44716864318.0,BTC-USD,64138.71099756818,58459.344128292214,69946.896173172
2024-03-18,67548.59375,68897.1328125,66594.2265625,68371.3046875,49261579492.0,BTC-USD,64768.127401724625,58921.842892405024,70580.67634014205
2024-03-19,61912.7734375,68106.9296875,61536.1796875,67556.1328125,74215844794.0,BTC-USD,64555.56884756777,58476.03038372411,70337.83373619396
2024-03-20,67913.671875,68115.2578125,60807.78515625,61930.15625,66792634382.0,BTC-USD,65268.30909389867,59562.92011975145,71058.20897709783
2024-03-21,65491.390625,68199.9921875,64580.91796875,67911.5859375,44480350565.0,BTC-USD,65287.0877755679,59248.38061975642,71301.31792452814
2024-03-22,63778.76171875,66623.75,62355.37109375,65489.9296875,41401116964.0,BTC-USD,65588.82246658124,60146.19851068366,71633.16938721517
2024-03-23,64062.203125,65976.3984375,63038.4921875,63802.72265625,24738964812.0,BTC-USD,65501.128304877166,59657.037077106346,70707.07978771548
2024-03-24,67234.171875,67622.7578125,63825.8515625,64070.75390625,27206630673.0,BTC-USD,65630.6181638524,59653.35451476139,71457.80501519654
2024-03-25,69958.8125,71162.59375,66414.8359375,67234.09375,42700139523.0,BTC-USD,66105.17397634735,60106.46509663791,71711.66119146855
2024-03-26,69987.8359375,71535.7421875,69335.609375,69931.328125,36010437368.0,BTC-USD,65737.75483052988,60174.01793728645,71176.10607696178
2024-03-27,69455.34375,71727.6875,68381.9296875,69991.8984375,40827113309.0,BTC-USD,66295.6344852002,60633.72308316889,71778.50773341708
2024-03-28,70744.953125,71546.0234375,68895.5078125,69452.7734375,34374900617.0,BTC-USD,66159.55257521014,60432.35222227669,71878.63738394309
2024-03-29,69892.828125,70913.09375,69076.65625,70744.796875,25230851763.0,BTC-USD,66306.42667456217,60469.93900593057,72056.33195834912
2024-03-30,69645.3046875,70355.4921875,69601.0625,69893.4453125,17130241883.0,BTC-USD,66218.73251285945,60710.44613664012,72216.19231852933
2024-03-31,71333.6484375,71377.78125,69624.8671875,69647.78125,20050941373.0,BTC-USD,66348.22237183397,60661.90427731644,72178.81844695451
2024-04-01,69702.1484375,71342.09375,68110.6953125,71333.484375,34873527352.0,BTC-USD,66822.77818432712,61021.460479012174,72735.10094729986
2024-04-02,65446.97265625,69708.3828125,64586.59375,69705.0234375,50705240709.0,BTC-USD,66455.35903851032,60832.18947644015,71910.0815418485
2024-04-03,65980.8125,66914.3203125,64559.8984375,65446.671875,34488018367.0,BTC-USD,67013.23869318048,61643.24815556003,73185.44975940649
2024-04-04,68508.84375,69291.2578125,65113.796875,65975.6953125,34439527442.0,BTC-USD,66755.88954652568,61203.43380257539,72580.43322381919
2024-04-05,67837.640625,68725.7578125,66011.4765625,68515.7578125,33748230056.0,BTC-USD,66781.49640921394,61202.562439412686,72943.07165880724
2024-04-06,68896.109375,69629.6015625,67491.71875,67840.5703125,19967785809.0,BTC-USD,66572.5350108465,60765.621273459925,72338.08862273482
2024-04-07,69362.5546875,70284.4296875,68851.6328125,68897.109375,21204930369.0,BTC-USD,66580.75763315793,61064.069485501845,72368.04506431227
2024-04-08,71631.359375,72715.359375,69064.2421875,69362.5546875,37261432669.0,BTC-USD,66934.04620898809,61204.682571503196,72831.14553496974
2024-04-09,69139.015625,71742.5078125,68212.921875,71632.5,36426900409.0,BTC-USD,66445.35982650614,60486.661959003424,71883.83085977627
2024-04-10,70587.8828125,71093.4296875,67503.5625,69140.2421875,38318601774.0,BTC-USD,66881.97224451185,61591.10191504613,72728.50166869997
2024-04-11,70060.609375,71256.234375,69571.8125,70575.734375,30153382941.0,BTC-USD,66624.6230978567,60684.92397542566,72404.76412938017
2024-04-12,67195.8671875,71222.7421875,65254.8359375,70061.3828125,44129299406.0,BTC-USD,66650.2299605453,61030.692295950874,72496.31516545161
2024-04-13,63821.47265625,67931.4296875,60919.10546875,67188.375,52869738185.0,BTC-USD,66441.26856217872,60767.27125559497,72155.2397983455
2024-04-14,65738.7265625,65824.4296875,62205.8515625,63836.23046875,49084320047.0,BTC-USD,66449.49118449009,60766.14814945125,72318.39646628324
2024-04-15,63426.2109375,66878.6484375,62332.0703125,65739.6484375,43595917654.0,BTC-USD,66802.77976031929,61357.84386771541,72677.93753461896
2024-04-16,63811.86328125,64355.66796875,61716.40234375,63419.296875,42847528078.0,BTC-USD,66300.73990145439,60067.08175681452,71953.17593097338
2024-04-17,61276.69140625,64486.36328125,59768.5859375,63831.84765625,41915247049.0,BTC-USD,66723.99884307712,61227.97900985954,72311.96466727318
2024-04-18,63512.75390625,64125.6875,60833.48046875,61275.31640625,36006307335.0,BTC-USD,66453.29622003816,60852.559573169034,72307.79515277715
2024-04-19,63843.5703125,65481.59765625,59651.390625,63510.75,49920425401.0,BTC-USD,66465.54960634351,60855.251685151234,72664.74493290749
2024-04-20,64994.44140625,65442.45703125,63172.40234375,63851.1015625,23097485495.0,BTC-USD,66243.23473159324,60883.667677429985,72019.0178411628
2024-04-21,64926.64453125,65723.2421875,64277.72265625,64992.81640625,20506644853.0,BTC-USD,66238.10387751933,60388.1175298743,71581.9517990603
2024-04-22,66837.6796875,67233.9609375,64548.1796875,64935.6328125,28282686673.0,BTC-USD,66578.03897696573,60506.91034820013,71938.53391037499
2024-04-23,66407.2734375,67199.2421875,65864.8671875,66839.890625,24310975583.0,BTC-USD,66075.99911810158,60761.52289897026,72054.82798512772
2024-04-24,64276.8984375,67075.3671875,63589.87109375,66408.71875,30276655120.0,BTC-USD,66499.25805972422,60984.13173196392,72227.37902408357
2024-04-25,64481.70703125,65275.20703125,62783.6328125,64275.01953125,32155786816.0,BTC-USD,66228.55543668453,60816.72882302283,72133.91819804416
2024-04-26,63755.3203125,64789.65625,63322.3984375,64485.37109375,24139372950.0,BTC-USD,66240.8088229915,60553.76653017647,72141.14661593076
2024-04-27,63419.140625,63898.36328125,62424.71875,63750.98828125,19530783039.0,BTC-USD,66018.49352217779,60648.34617404016,71786.75723145554
2024-04-28,63113.23046875,64321.484375,62793.59765625,63423.515625,17334827993.0,BTC-USD,66013.36224204171,60148.64091571994,71772.98221897
2024-04-29,63841.12109375,64174.87890625,61795.45703125,63106.36328125,26635912073.0,BTC-USD,66353.29691542522,60969.975454981715,72309.80850258074
2024-04-30,60636.85546875,64703.33203125,59120.06640625,63839.41796875,37840840057.0,BTC-USD,65851.25663049717,60095.453773375084,71272.48480094224
2024-05-01,58254.01171875,60780.5,56555.29296875,60609.49609375,48439780271.0,BTC-USD,66274.51514605674,60661.50475156943,72198.33207704882
2024-05-02,59123.43359375,59602.296875,56937.203125,58253.703125,32711813559.0,BTC-USD,66003.8120969554,60951.40314228385,71895.33438531503
2024-05-03,62889.8359375,63320.50390625,58848.3125,59122.30078125,33172023048.0,BTC-USD,66016.06505719629,60583.53689855111,72109.5440931575
2024-05-04,63891.47265625,64494.95703125,62599.3515625,62891.03125,20620477992.0,BTC-USD,65793.74975638335,59686.85776430345,71735.24697303836
2024-05-05,64031.1328125,64610.890625,62955.3046875,63892.453125,18296164805.0,BTC-USD,65788.61847624826,60002.20584225529,71555.00452519528
2024-05-06,63161.94921875,65494.90234375,62746.23828125,64038.3125,28697928697.0,BTC-USD,66128.55314963128,60755.76106722604,72373.795806749
2024-05-07,62334.81640625,64390.45703125,62285.98046875,63162.76171875,25930730982.0,BTC-USD,65626.51286470395,59786.34929627756,71342.67285240856
2024-05-08,61187.94140625,62986.0859375,60877.12890625,62332.640625,26088172222.0,BTC-USD,66049.77138026345,60133.506229309016,71545.27219257983
2024-05-09,63049.9609375,63404.9140625,60648.07421875,61191.19921875,25453338161.0,BTC-USD,65779.06832263879,60188.0911043538,71506.9606298511
2024-05-10,60792.77734375,63446.7421875,60208.78125,63055.19140625,27804954694.0,BTC-USD,65791.32127435894,60238.171485720355,71504.10856220483
2024-05-11,60793.7109375,61451.15234375,60492.625,60793.35546875,13842272968.0,BTC-USD,65569.00596502286,59827.37645120981,71230.58616821148
2024-05-12,61448.39453125,61818.15625,60632.6015625,60793.50390625,13800459405.0,BTC-USD,65563.87467636491,59259.24893293614,71081.46001293116
2024-05-13,62901.44921875,63422.66015625,60769.83984375,61451.21875,27889181179.0,BTC-USD,65903.80934122652,60166.99186759812,71533.19112363263
2024-05-14,61552.7890625,63092.125,61123.765625,62900.7734375,28186271527.0,BTC-USD,65401.769047775524,59751.29604660773,71431.17718977765
2024-05-15,66267.4921875,66454.453125,61330.41015625,61553.98828125,39815167074.0,BTC-USD,65825.02755481328,59390.62156430791,71793.11573293245
2024-05-16,65231.58203125,66712.4296875,64613.0546875,66256.109375,31573077994.0,BTC-USD,65554.32449718952,59644.72545838232,71412.51936895236
2024-05-17,67051.875,67459.4609375,65119.31640625,65231.296875,28031279310.0,BTC-USD,65566.57744890917,60156.22835213941,71126.52186279718
2024-05-18,66940.8046875,67387.328125,66663.5,67066.2109375,16712277406.0,BTC-USD,65344.262139571096,59700.958853561744,70984.32694418817
2024-05-19,66278.3671875,67694.296875,65937.1796875,66937.9296875,19249094538.0,BTC-USD,65339.13085091412,59819.160255200695,70642.93333987566
2024-05-20,71448.1953125,71483.5625,66086.171875,66278.7421875,43850655717.0,BTC-USD,65679.06551577522,60121.579646593,71625.0929972637
2024-05-21,70136.53125,71946.4609375,69191.125,71443.0625,46932005990.0,BTC-USD,65175.904575313856,59491.94763711634,70839.43202306687
2024-05-22,69122.3359375,70623.6953125,68977.6953125,70135.3203125,32802561717.0,BTC-USD,65598.0424353398,59208.93888526421,70996.54183066552
2024-05-23,67929.5625,70041.2734375,66356.953125,69121.3046875,41895680979.0,BTC-USD,65326.21873070471,59369.274820077946,70803.38381236624
2024-05-24,68526.1015625,69220.296875,66622.671875,67928.1328125,29197308153.0,BTC-USD,65337.3510354122,59395.16531264238,71165.81843603357
2024-05-25,69265.9453125,69579.3203125,68515.8203125,68526.921875,15473071741.0,BTC-USD,65113.91507906673,59397.051524804134,70705.99835281476
2024-05-26,68518.09375,69506.2265625,68183.890625,69264.2890625,15628433737.0,BTC-USD,65107.66314339587,58970.831702288466,70587.53500630171
2024-05-27,69394.5546875,70597.8828125,68232.5,68512.1796875,25870990717.0,BTC-USD,65446.47716124715,59720.06771441265,71222.48431070299
2024-05-28,68296.21875,69514.640625,67227.15625,69392.1953125,32722265965.0,BTC-USD,64943.31622078555,59154.10630217882,71204.3531862658
2024-05-29,67578.09375,68852.4609375,67101.4921875,68296.3515625,26707072906.0,BTC-USD,65365.454080811876,59034.08870358243,71237.00438662081
2024-05-30,68364.9921875,69500.5390625,67118.078125,67576.0859375,29509712534.0,BTC-USD,65093.63037617653,59175.352927955144,70897.50598839863
2024-05-31,67491.4140625,68999.5625,66633.421875,68362.515625,27387283769.0,BTC-USD,65104.76268088468,59018.98659357482,70936.38199378364
2024-06-01,67706.9375,67839.765625,67386.1953125,67489.609375,11641495604.0,BTC-USD,64862.11987023385,59566.22460446228,70735.87769707077
2024-06-02,67751.6015625,68409.1640625,67315.5234375,67710.2734375,17110588415.0,BTC-USD,64836.661080260616,58989.75924892365,70484.22119392613
2024-06-03,68804.78125,70230.8203125,67589.8359375,67753.8984375,32401285324.0,BTC-USD,65156.26824380804,59322.09625505932,70791.00792995673
2024-06-04,70567.765625,71047.40625,68564.640625,68804.5703125,33149696545.0,BTC-USD,64633.90044904348,59001.74590010687,70433.57972576264
2024-06-05,71082.8203125,71735.4140625,70390.7109375,70568.3515625,32810771409.0,BTC-USD,65036.83145476625,59235.628854680734,70591.6706637117
2024-06-06,70757.1640625,71625.734375,70119.125,71082.84375,25223152007.0,BTC-USD,64745.80089582826,59305.89094345924,70923.4202073852
2024-06-07,69342.5859375,71907.8515625,68507.2578125,70759.1875,36188381096.0,BTC-USD,64737.72634623336,58883.73562075001,70451.440358353
2024-06-08,69305.7734375,69533.3203125,69210.7421875,69324.1796875,14262185861.0,BTC-USD,64495.083535580896,59333.86040162924,70545.49747682904
2024-06-09,69647.9921875,69817.5234375,69160.84375,69297.4921875,13534028500.0,BTC-USD,64469.62474560992,58896.26620108871,69874.17378112875
2024-06-10,69512.28125,70146.0703125,69232.421875,69644.3125,20597699541.0,BTC-USD,64789.23190915636,58905.29784499228,70277.61226035834
2024-06-11,67332.03125,69549.4140625,66123.6015625,69508.078125,37116136345.0,BTC-USD,64266.86411439175,58659.90404860563,69850.10487201424
2024-06-12,68241.1875,69977.890625,66902.453125,67321.375,34497940694.0,BTC-USD,64669.795120113806,58644.74140418069,70369.118627894
2024-06-13,66756.3984375,68365.78125,66304.5625,68243.1015625,28955204146.0,BTC-USD,64376.290156221745,58826.85428663557,70085.20392864366
2024-06-14,66011.09375,67294.6484375,65056.89453125,66747.5703125,27403884779.0,BTC-USD,64365.74120167262,58472.78211713829,69733.92122804676
2024-06-15,66191.0,66402.1875,65871.7734375,66006.7421875,14121265576.0,BTC-USD,64120.6239860662,58152.32292654433,70142.76877156209
2024-06-16,66639.046875,66894.84375,66018.25,66189.359375,13281140541.0,BTC-USD,64092.690791137094,58207.64095381303,70119.753129072
2024-06-17,66490.296875,67188.3203125,65094.96484375,66636.515625,30006354476.0,BTC-USD,64409.823549730194,58339.44436628284,69937.97109477183
2024-06-18,65140.74609375,66556.703125,64066.95703125,66490.9765625,39481285950.0,BTC-USD,63884.9813500107,58283.03806894069,69341.10112830566
2024-06-19,64960.296875,65695.3515625,64693.30078125,65146.66015625,21103423504.0,BTC-USD,64285.43795077769,58632.50652063627,69807.7024714991
2024-06-20,64828.65625,66438.9609375,64547.84765625,64960.296875,25641109124.0,BTC-USD,63991.932986884814,58444.39100852642,69596.02229168644
2024-06-21,64096.19921875,65007.546875,63378.89453125,64837.98828125,26188171739.0,BTC-USD,63981.38403233602,58033.826870799836,69602.76126700532
2024-06-22,64252.578125,64475.46875,63929.7578125,64113.86328125,9858198793.0,BTC-USD,63736.26681672898,57984.879297597516,68819.13156823696
2024-06-23,63180.796875,64491.703125,63180.796875,64248.96484375,11170471802.0,BTC-USD,63708.333621801285,58166.71466247404,69605.14703590312
2024-06-24,60277.4140625,63292.52734375,58601.69921875,63173.3515625,43152133651.0,BTC-USD,64025.46638039425,58295.78431532861,70109.83037664782
2024-06-25,61804.640625,62258.26171875,60239.75,60266.28125,29201215431.0,BTC-USD,63500.624185616536,57756.785537739466,69623.61147449775
2024-06-26,60811.27734375,62434.13671875,60695.1875,61789.67578125,22506003064.0,BTC-USD,63901.08079132578,58155.79396228633,69070.08276466625
2024-06-27,61604.80078125,62293.86328125,60585.33203125,60811.2265625,21231745045.0,BTC-USD,63607.575832375514,57966.08679040191,69353.86528338504
2024-06-28,60320.13671875,62126.09765625,59985.40234375,61612.8046875,24952866877.0,BTC-USD,63597.02688276681,57785.88257659412,69619.06850198009
2024-06-29,60887.37890625,61097.62109375,60300.96484375,60319.875,12652903396.0,BTC-USD,63351.90967210385,57539.30701752564,69037.57295842192
2024-06-30,62678.29296875,62892.828125,60632.94921875,60888.4453125,17333226409.0,BTC-USD,63323.976482116144,57480.710408044855,69253.71186029914
2024-07-01,62851.98046875,63777.2265625,62495.51171875,62673.60546875,25468379421.0,BTC-USD,63641.10924565041,58184.50690181208,69631.8460640163
2024-07-02,62029.015625,63203.359375,61752.74609375,62844.41015625,20151616992.0,BTC-USD,63116.26705087328,57686.93463782261,68903.43124548487
2024-07-03,60173.921875,62187.703125,59419.38671875,62034.33203125,29756701685.0,BTC-USD,63516.72365658309,57865.284141823795,69758.75402821053
2024-07-04,56977.703125,60399.67578125,56777.8046875,60147.13671875,41149609230.0,BTC-USD,63223.21869763162,57256.00372981237,69197.50536904494
2024-07-05,56662.375,57497.15234375,53717.375,57022.80859375,55417544033.0,BTC-USD,63212.66974802314,57451.80513402921,69023.31047725563
2024-07-06,58303.5390625,58472.546875,56038.9609375,56659.07421875,20610320577.0,BTC-USD,62967.55253530292,57046.896648769354,68649.96645416872
2024-07-07,55849.109375,58371.12109375,55793.32421875,58239.4296875,20553359505.0,BTC-USD,62939.61934326081,57208.13085141583,68891.83086661104
2024-07-08,56705.09765625,58131.3359375,54321.01953125,55849.57421875,39766159899.0,BTC-USD,63256.75210473827,57205.1351784017,69128.90562341489
2024-07-09,58009.2265625,58239.1953125,56316.875,56704.59765625,27849512607.0,BTC-USD,62731.909907903515,56962.2085129296,68462.63119626661
2024-07-10,57742.49609375,59359.43359375,57178.4140625,58033.8828125,26175260526.0,BTC-USD,63132.36651155623,57422.8561369726,68486.10191948163
2024-07-11,57344.9140625,59299.43359375,57120.37890625,57729.890625,28707803842.0,BTC-USD,62838.86155054882,56950.23775345387,68451.62716361994
2024-07-12,57899.46484375,58532.5546875,56590.17578125,57341.1953125,25604805221.0,BTC-USD,62828.31259888437,57029.29448415274,68711.51877119117
2024-07-13,59231.953125,59787.078125,57796.44140625,57908.73828125,17080061806.0,BTC-USD,62583.1953861636,56945.31806217399,68389.15514419021
2024-07-14,60787.79296875,61329.52734375,59225.25,59225.25,22223416061.0,BTC-USD,62555.26219412227,56975.6212822047,68376.05880293925
2024-07-15,64870.15234375,64870.15234375,60704.9296875,60815.45703125,38094526099.0,BTC-USD,62872.39495559813,57083.36447942207,68417.21521393006
2024-07-16,65097.1484375,65354.33984375,62487.96875,64784.41796875,41617346768.0,BTC-USD,62347.552758763755,57009.37786610904,68486.34531694258
2024-07-17,64118.79296875,66066.734375,63896.0859375,65091.83203125,32525071311.0,BTC-USD,62748.009362417026,56923.316105966434,68692.61223810437
2024-07-18,63974.06640625,65104.66015625,63246.1640625,64104.73828125,27239305337.0,BTC-USD,62454.50439817875,57357.07995925853,68492.07289411749
2024-07-19,66710.15625,67442.640625,63329.34375,63972.32421875,37003855410.0,BTC-USD,62443.95544328366,56280.69542992461,68056.45639211587
2024-07-20,67163.6484375,67610.734375,66299.6171875,66709.921875,19029581250.0,BTC-USD,62198.838227335495,56764.79124772709,67751.72092764507
2024-07-21,68154.5234375,68372.90625,65842.296875,67164.9140625,26652190004.0,BTC-USD,62170.90503206295,56505.406141947264,68220.27900184071
2024-07-22,67585.25,68480.0625,66611.296875,68152.9765625,42649109453.0,BTC-USD,62488.03779031081,56940.524304224586,68646.97474696756
2024-07-23,65927.671875,67779.015625,65484.4609375,67584.8046875,35605668666.0,BTC-USD,61963.19559024683,56483.92989182421,67613.1632236052
2024-07-24,65372.1328125,67113.984375,65146.99609375,65927.859375,27470942309.0,BTC-USD,62363.652190670466,56143.83855957988,67749.10162579693
2024-07-25,65777.2265625,66112.421875,63473.47265625,65375.875,38315761670.0,BTC-USD,62070.14722643136,56469.48308401913,67940.6152303544
2024-07-26,67912.0625,68207.6015625,65743.765625,65771.8125,30488630457.0,BTC-USD,62059.59827153901,56835.88010551914,67669.03722369381
2024-07-27,67813.3359375,69398.5078125,66705.21875,67911.8125,34691905492.0,BTC-USD,61814.48105558929,56017.21021680421,67373.22639300686
2024-07-28,68255.8671875,68301.8515625,67085.828125,67808.65625,18043166945.0,BTC-USD,61786.54786031752,56308.11388055025,67303.05971072169
2024-07-29,66819.9140625,69987.5390625,66532.59375,68259.0546875,40780682628.0,BTC-USD,62103.680618563616,56523.792165188424,67914.22106102403
2024-07-30,66201.015625,66987.671875,65323.19140625,66819.0546875,31380492109.0,BTC-USD,61578.83841700727,55754.25268081229,66981.94497926948
2024-07-31,64619.25,66810.2109375,64532.046875,66201.2734375,31292785994.0,BTC-USD,61979.29501593743,56056.300128291405,67917.53025897547
2024-08-01,65357.5,65593.2421875,62248.94140625,64625.83984375,40975554494.0,BTC-USD,61685.79005020725,56029.599509790605,67089.23296519641
2024-08-02,61415.06640625,65523.22265625,61184.89453125,65353.5,43060875727.0,BTC-USD,61675.241093818804,56097.18080484772,67660.82322276731
2024-08-03,60680.09375,62148.37109375,59836.52734375,61414.80859375,31753030589.0,BTC-USD,61430.12387637692,55635.48095240159,67375.02615278437
2024-08-04,58116.9765625,61062.98828125,57210.8046875,60676.09375,31758917219.0,BTC-USD,61402.190679613195,56268.77610243549,67434.16889465463
2024-08-05,53991.45703125,58268.828125,49121.23828125,58110.296875,108991085584.0,BTC-USD,61719.32343636581,55928.490460357934,67450.77304644545
2024-08-06,56034.31640625,57059.91796875,53973.2734375,53991.34765625,49300484106.0,BTC-USD,61194.481234810206,55162.12483137398,66873.8575238037
2024-08-07,55027.4609375,57726.8828125,54620.5078125,56040.6328125,41637562185.0,BTC-USD,61594.93783374029,55993.919004408555,67329.4483131956
2024-08-08,61710.13671875,62673.765625,54766.7265625,55030.02734375,45298472567.0,BTC-USD,61301.43286800929,55247.780157785324,67316.32963016885
2024-08-09,60880.11328125,61751.86328125,59587.859375,61728.20703125,33425553115.0,BTC-USD,61290.88391162254,55864.540918306215,66651.20667602193
2024-08-10,60945.8125,61464.51171875,60287.56640625,60881.23046875,15745822278.0,BTC-USD,61045.76772652396,54991.11464602922,66695.62050227913
2024-08-11,58719.484375,61778.66015625,58348.82421875,60944.890625,22759754812.0,BTC-USD,61017.83556210277,55060.02754099744,66726.28076973766
2024-08-12,59354.515625,60680.33203125,57688.8984375,58719.39453125,37078637820.0,BTC-USD,61334.96935120215,55447.08667314435,67073.79507122446
2024-08-13,60609.56640625,61572.3984375,58506.25390625,59356.20703125,30327698167.0,BTC-USD,60810.128181988184,55005.3842833422,66346.51880702973
2024-08-14,58737.26953125,61687.7578125,58472.875,60611.05078125,29961696180.0,BTC-USD,61210.58581326284,54939.517825097304,66614.30624122208
2024-08-15,57560.09765625,59838.6484375,56161.59375,58733.26171875,35682112440.0,BTC-USD,60917.08187987543,54724.3872546275,66783.47905673915
2024-08-16,58894.10546875,59847.359375,57110.01953125,57560.2734375,29350938673.0,BTC-USD,60906.53395583283,55081.859091840306,66636.77390615633
2024-08-17,59478.97265625,59694.66796875,58814.83203125,58893.53125,13589684021.0,BTC-USD,60661.417770732616,55040.998343524574,66680.34399839374
2024-08-18,58483.96484375,60262.71875,58445.40234375,59468.1328125,17740625837.0,BTC-USD,60633.4856063124,54936.33768496262,66499.27769478945
2024-08-19,59493.453125,59612.66015625,57864.7109375,58480.7109375,25911207712.0,BTC-USD,60950.619395412075,55117.78530905795,66243.10039573433
2024-08-20,59012.79296875,61396.328125,58610.8828125,59493.453125,31613400008.0,BTC-USD,60425.77822619805,54748.75106658409,65997.86837657126
2024-08-21,61175.19140625,61834.3515625,58823.4453125,59014.98828125,32731154072.0,BTC-USD,60826.23585747261,55206.54304330877,66205.3163928635
2024-08-22,60381.9140625,61408.109375,59815.25390625,61168.31640625,27625734377.0,BTC-USD,60532.733777239366,54624.47961065667,66151.03251512296
2024-08-23,64094.35546875,64947.0625,60372.05078125,60380.953125,42530509233.0,BTC-USD,60522.18770634978,54855.2477853719,66318.89516278575
2024-08-24,64178.9921875,64513.7890625,63619.91796875,64103.87109375,21430585163.0,BTC-USD,60277.07337440573,54726.262428490656,65821.67417774514
2024-08-25,64333.54296875,64996.421875,63833.51953125,64176.3671875,18827683555.0,BTC-USD,60249.143063138654,54559.22416215415,66070.14861593106
2024-08-26,62880.66015625,64489.70703125,62849.55859375,64342.2265625,27682040631.0,BTC-USD,60566.278705390374,54494.84709511291,66750.93216189812
2024-08-27,59504.1328125,63210.796875,58116.75,62879.70703125,39103882198.0,BTC-USD,60041.439389331,54282.82811107941,66178.775779876
2024-08-28,59027.625,60236.44921875,57890.67578125,59507.92578125,40289564698.0,BTC-USD,60441.89887375973,54518.95218519185,66246.49741470242
2024-08-29,59388.1796875,61184.08203125,58786.2265625,59027.46875,32224990582.0,BTC-USD,60148.39679352621,54324.42556877134,65981.10099056574
2024-08-30,59119.4765625,59896.88671875,57768.53125,59388.6015625,32292756405.0,BTC-USD,60137.85072263591,54413.20328961185,66053.23934463879
2024-08-31,58969.8984375,59432.59375,58768.78515625,59117.48046875,12403470760.0,BTC-USD,59892.736390691236,54403.73080783291,65643.48956015216
2024-09-01,57325.48828125,59062.0703125,57217.82421875,58969.80078125,24592449997.0,BTC-USD,59864.806079425136,54796.58455965585,65473.47352562548
2024-09-02,59112.48046875,59403.0703125,57136.02734375,57326.96875,27036454524.0,BTC-USD,60247.10652590851,54432.27485687254,65827.38958478763
2024-09-03,57431.0234375,59815.05859375,57425.16796875,59106.19140625,26666961053.0,BTC-USD,59787.43201408189,53908.1106477562,65415.59228311672
2024-09-04,57971.5390625,58511.5703125,55673.1640625,57430.34765625,35627680312.0,BTC-USD,60253.0563027424,54329.79659858962,65935.0494424517
2024-09-05,56160.48828125,58300.58203125,55712.453125,57971.703125,31030280656.0,BTC-USD,60024.71902674173,54313.9279357206,65983.06387764361
2024-09-06,53948.75390625,56976.109375,52598.69921875,56160.19140625,49361693566.0,BTC-USD,60079.33776008428,54119.6511105488,66213.27182975272
2024-09-07,54139.6875,54838.14453125,53740.0703125,53949.0859375,19061486526.0,BTC-USD,59899.38823237115,54328.746404661484,65779.59337510254
2024-09-08,54841.56640625,55300.859375,53653.7578125,54147.93359375,18268287531.0,BTC-USD,59936.622725336005,53844.13227257721,65284.26814411086
2024-09-09,57019.53515625,58041.125,54598.43359375,54851.88671875,34618096173.0,BTC-USD,60318.92317182048,54302.98266796427,66211.89088827802
2024-09-10,57648.7109375,58029.9765625,56419.4140625,57020.09765625,28857630507.0,BTC-USD,59859.24865999362,53880.38824218432,65274.97969657814
2024-09-11,57343.171875,57991.3203125,55567.33984375,57650.2890625,37049062672.0,BTC-USD,60324.8729486547,54683.5883021596,66094.07061961928
2024-09-12,58127.01171875,58534.359375,57330.1015625,57343.171875,33835707949.0,BTC-USD,60096.53567265389,54046.15223128939,65699.04517410751
2024-09-13,60571.30078125,60648.0234375,57650.11328125,58130.32421875,32490528356.0,BTC-USD,60151.15440599702,54495.60374203142,66314.0580314906
2024-09-14,60005.12109375,60656.72265625,59517.8828125,60569.1171875,16428405496.0,BTC-USD,60086.16038410656,54219.67379135679,65777.67157378004
2024-09-15,59182.8359375,60381.91796875,58696.30859375,60000.7265625,18120960867.0,BTC-USD,60238.35038289288,54454.7495297163,65584.76750542442
2024-09-16,58192.5078125,59205.51171875,57501.33984375,59185.2265625,32032822113.0,BTC-USD,60735.606335202145,54542.40833289386,66238.77043644541
2024-09-17,60308.5390625,61316.08984375,57628.0703125,58192.5078125,38075570118.0,BTC-USD,60390.88732919845,54519.70461976658,66064.389607655
2024-09-18,61649.6796875,61664.06640625,59218.25390625,60309.0,40990702891.0,BTC-USD,60971.467123682036,55066.28696846815,66790.9944493915
2024-09-19,62940.45703125,63872.44140625,61609.8671875,61651.15625,42710252573.0,BTC-USD,60858.08535350424,55438.748934234085,66627.30495762391
2024-09-20,63192.9765625,64119.53125,62364.60546875,62941.42578125,35177164222.0,BTC-USD,61027.6595926709,55080.909616630415,66628.28893584818
2024-09-21,63394.83984375,63543.359375,62783.10546875,63184.33984375,14408616220.0,BTC-USD,60962.66557078132,54699.86556465084,66504.90945331649
2024-09-22,63648.7109375,63993.421875,62440.7265625,63396.8046875,20183348802.0,BTC-USD,61114.85556956839,55661.66909580656,66870.60044528083
2024-09-23,63329.80078125,64733.55859375,62628.078125,63643.1015625,31400285425.0,BTC-USD,61612.11152187687,55729.255454433056,67688.44706626066
2024-09-24,64301.96875,64695.21484375,62737.41796875,63326.83984375,29938335243.0,BTC-USD,61267.392515872925,55642.55788127085,66967.86788217476
2024-09-25,63143.14453125,64804.50390625,62945.375,64302.58984375,25078377700.0,BTC-USD,61847.97231035643,56354.534660875535,67744.16167085334
2024-09-26,65181.01953125,65790.796875,62669.26953125,63138.546875,36873129847.0,BTC-USD,61856.015097571224,55952.124574040085,67241.46253836095
2024-09-27,65790.6640625,66480.6953125,64852.9921875,65180.6640625,32058813449.0,BTC-USD,62147.013894127456,56726.90856288719,68187.86828988278
2024-09-28,65887.6484375,66255.53125,65458.03515625,65792.1796875,15243637984.0,BTC-USD,62203.44442962856,56271.11312754747,67775.63250144599
2024-09-29,65635.3046875,66069.34375,65450.015625,65888.8984375,14788214575.0,BTC-USD,62477.058985807984,56844.44290172388,68198.63965339011
2024-09-30,63329.5,65635.0546875,62873.6171875,65634.65625,37112957475.0,BTC-USD,63095.73949550727,57395.80329562921,68419.72183610214
2024-10-01,60837.0078125,64110.98046875,60189.27734375,63335.60546875,50220923500.0,BTC-USD,62872.44504689523,56577.105537218726,68726.75781764921
2024-10-02,60632.78515625,62357.6875,59996.94921875,60836.32421875,40762722398.0,BTC-USD,63574.44939877015,57419.96246248878,69720.45442724916
2024-10-03,60759.40234375,61469.0390625,59878.8046875,60632.484375,36106447279.0,BTC-USD,63582.49218598411,57675.46175523089,69500.49739489178
2024-10-04,62067.4765625,62465.9921875,60459.94140625,60754.625,29585472513.0,BTC-USD,63873.49098254167,58368.13543147991,69612.89234010185
2024-10-05,62089.94921875,62371.0234375,61689.58203125,62067.609375,13305410749.0,BTC-USD,63929.92151804115,58300.48561728691,70018.16020906133
2024-10-06,62818.953125,62959.5703125,61833.1484375,62084.98828125,14776233667.0,BTC-USD,64203.53607422282,58112.06159806974,70169.71756033538
2024-10-07,62236.66015625,64443.70703125,62152.55078125,62819.109375,34253562610.0,BTC-USD,64970.36181965951,59249.32572246309,70709.98414473393
2024-10-08,62131.96875,63174.3046875,61843.5625,62221.64453125,28134475157.0,BTC-USD,64895.212606783985,59487.78939334819,70455.9481528092
2024-10-09,60582.1015625,62508.8359375,60314.61328125,62131.7265625,27670982363.0,BTC-USD,65745.36219439594,59595.45124935283,71592.65673479914
2024-10-10,60274.5,61236.72265625,58895.20703125,60581.9296875,30452813570.0,BTC-USD,65901.55021734833,59904.86346703897,71321.09537225777
2024-10-11,62445.08984375,63400.87109375,60046.125,60275.4609375,30327141594.0,BTC-USD,66340.69424964412,60731.56779228019,72260.24618096281
2024-10-12,63193.0234375,63448.78515625,62443.26953125,62444.6171875,16744110886.0,BTC-USD,66545.270020882,61013.83769174355,71971.46823004892
2024-10-13,62851.375,63272.65234375,62035.63671875,63192.9453125,18177529690.0,BTC-USD,66967.02981279933,60950.15116855174,72707.7148794222
2024-10-14,66046.125,66482.4921875,62442.15234375,62848.3984375,43706958056.0,BTC-USD,67733.85555823552,62038.252625037494,73785.95967929732
2024-10-15,67041.109375,67881.6796875,64809.1953125,66050.3671875,48863870879.0,BTC-USD,67658.70634536078,62027.9519013461,73047.2939593426
2024-10-16,67612.71875,68375.2890625,66758.7265625,67042.4609375,38195189534.0,BTC-USD,68508.8559329726,63043.78076750008,74493.5965124372
2024-10-17,67399.8359375,67912.2109375,66647.390625,67617.078125,32790898511.0,BTC-USD,68665.04395592415,62827.23602708419,74631.16633397069
2024-10-18,68418.7890625,68969.75,67177.8203125,67419.109375,36857165014.0,BTC-USD,69104.18798821887,63431.731545855,74790.56864787237
2024-10-19,68362.734375,68668.0078125,68024.640625,68418.9765625,14443497908.0,BTC-USD,69415.77325997499,63382.41581230833,74985.81721598578
2024-10-20,69001.703125,69359.0078125,68105.71875,68364.1796875,18975847518.0,BTC-USD,69944.54255240397,64707.93450462996,75794.15547537411
2024-10-21,67367.8515625,69462.734375,66829.8515625,69002.0,37498611780.0,BTC-USD,70818.37779835572,65175.11727966552,76623.03331106502
2024-10-22,67361.40625,67801.578125,66581.3671875,67360.703125,31808472566.0,BTC-USD,70850.23808599525,65318.75693876969,76699.55899629695
2024-10-23,66432.1953125,67402.7421875,65188.03515625,67362.375,32263980353.0,BTC-USD,71807.39717412209,66093.51307721325,77566.55231794834
2024-10-24,68161.0546875,68798.9609375,66454.1015625,66653.703125,31414428647.0,BTC-USD,72070.59469758783,66171.06535433524,77375.27590269841
2024-10-25,66642.4140625,68722.15625,65521.79296875,68165.296875,41469984306.0,BTC-USD,72616.74823039772,66841.9374656322,78306.30848785148
2024-10-26,67014.6953125,67317.921875,66360.59375,66628.734375,19588098156.0,BTC-USD,72928.33350215179,67167.93536301903,78710.93440255978
2024-10-27,67929.296875,68221.3125,66847.2265625,67023.4765625,16721307878.0,BTC-USD,73457.10279458178,67278.75368715462,78998.21389661997
2024-10-28,69907.7578125,70212.265625,67535.1328125,67922.671875,38799856657.0,BTC-USD,74330.93804053303,68202.44700439574,80071.76830752885
2024-10-29,72720.4921875,73577.2109375,69729.9140625,69910.046875,58541874402.0,BTC-USD,74362.79832817313,68761.51042866212,80458.26729677725
2024-10-30,72339.5390625,72905.296875,71411.734375,72715.3671875,40646637831.0,BTC-USD,75319.95741629959,69581.14849330422,80856.53791528453
2024-10-31,70215.1875,72662.3125,69590.5,72335.046875,40627912076.0,BTC-USD,75583.15493976611,70248.39093918997,81695.165068248
2024-11-01,69482.46875,71559.015625,68779.703125,70216.8984375,49989795365.0,BTC-USD,76129.30847257518,70270.52871119742,81962.34902575341
2024-11-02,69289.2734375,69867.3515625,69033.71875,69486.0234375,18184612091.0,BTC-USD,76440.89374432861,70870.75971859804,81907.2339783408
2024-11-03,68741.1171875,69361.65625,67482.5234375,69296.3828125,34868307655.0,BTC-USD,76969.66303676084,71223.12627662154,82556.56791839477
2024-11-04,67811.5078125,69433.1796875,66803.6484375,68742.1328125,41184819348.0,BTC-USD,77843.4982827111,72197.76006954908,83849.02245322181
2024-11-05,69359.5625,70522.7890625,67458.8671875,67811.171875,46046889204.0,BTC-USD,77875.3585703514,72271.8044047604,83368.369973088
2024-11-06,75639.078125,76460.15625,69322.03125,69358.5,118592653963.0,BTC-USD,78832.51765847798,73435.75497296454,84436.88406845521
2024-11-07,75904.859375,76943.1171875,74480.421875,75637.0859375,63467654989.0,BTC-USD,79095.71518194428,73294.43996273617,85019.26523533049
2024-11-08,76545.4765625,77252.75,75648.7421875,75902.8359375,55176858003.0,BTC-USD,79641.86871475363,74156.72363083423,85527.53414812018
2024-11-09,76778.8671875,76932.765625,75773.7890625,76556.1875,29009480361.0,BTC-USD,79953.45398650691,73961.12089973161,85364.67507416825
2024-11-10,80474.1875,81474.421875,76565.4296875,76775.546875,82570594495.0,BTC-USD,80482.2232789374,75214.85817051305,86594.3642466047
2024-11-11,88701.484375,89604.5,80283.25,80471.4140625,117966845037.0,BTC-USD,81356.05852488938,76017.58451263185,87066.35478356566
2024-11-12,87955.8125,89956.8828125,85155.109375,88705.5625,133673285375.0,BTC-USD,81387.91881252908,75884.23477877014,86827.7730256965
2024-11-13,90584.1640625,93434.3515625,86256.9296875,87929.96875,123559027869.0,BTC-USD,82345.07790065641,76927.15698685097,88076.32672295153
2024-11-14,87250.4296875,91765.21875,86682.8125,90574.8828125,87616705248.0,BTC-USD,82608.27542412138,77214.67038276304,88478.8448860359
2024-11-15,91066.0078125,91868.7421875,87124.8984375,87284.1796875,78243109518.0,BTC-USD,83154.42895693105,77260.80773328361,89098.48948668774
2024-11-16,90558.4765625,91763.9453125,90094.2265625,91064.3671875,44333192814.0,BTC-USD,83466.0142286836,77269.98003671391,89291.73197180755
2024-11-17,89845.8515625,91433.0390625,88741.6640625,90558.4609375,46350159305.0,BTC-USD,83994.78352111646,78621.87516838583,89649.57970809581
2024-11-18,90542.640625,92596.7890625,89393.59375,89843.71875,75535775084.0,BTC-USD,84868.61876706747,79268.59318319845,90436.03208613482
2024-11-19,92343.7890625,94002.8671875,90426.984375,90536.8125,74521048295.0,BTC-USD,84900.47905470712,78957.15055029088,91104.27293218914
2024-11-20,94339.4921875,94902.0234375,91619.5,92341.890625,71730956426.0,BTC-USD,85857.63814283436,79748.35766228044,91731.21881163299
2024-11-21,98504.7265625,99014.21875,94132.6015625,94334.640625,106024505582.0,BTC-USD,86120.83566630058,80442.89627264041,91832.99983659135
2024-11-22,98997.6640625,99655.5,97222.6640625,98496.4296875,78473580551.0,BTC-USD,86666.98919910849,81212.37490173728,92875.34903432275
2024-11-23,97777.28125,99014.6796875,97232.890625,99006.7421875,44414644677.0,BTC-USD,86978.57447086339,81664.70547350137,92754.04490781215
2024-11-24,98013.8203125,98647.1796875,95788.078125,97778.09375,51712020623.0,BTC-USD,87507.34376329553,81781.76825120708,93102.48471660729
2024-11-25,93102.296875,98935.03125,92642.9140625,98033.4453125,80909462490.0,BTC-USD,88381.17900924556,82545.90561478786,93984.32782293617
2024-11-26,91985.3203125,94991.75,90770.8125,93087.28125,91656519855.0,BTC-USD,88413.03929688496,82306.55812469483,94072.28201935325
2024-11-27,95962.53125,97361.1796875,91778.6640625,91978.140625,71133452438.0,BTC-USD,89370.19838501218,83176.1533755356,94884.60819592934
2024-11-28,95652.46875,96650.203125,94677.3515625,95954.9453125,52260008261.0,BTC-USD,89633.39590847773,83689.14959494132,95353.9942007602
2024-11-29,97461.5234375,98693.171875,95407.8828125,95653.953125,54968682476.0,BTC-USD,90179.54944128596,84808.46611258239,95736.31102735813
2024-11-30,96449.0546875,97499.34375,96144.21875,97468.8125,31634227866.0,BTC-USD,90491.1347130402,84556.60377509298,96132.86505046365
2024-12-01,97279.7890625,97888.125,95770.1875,96461.3359375,36590695296.0,BTC-USD,91019.90400547333,85736.95076103683,96781.49154978606
2024-12-02,95865.3046875,98152.6015625,94482.8671875,97276.0078125,72680784305.0,BTC-USD,91893.73925142383,86059.89991727892,97615.86592025355
2024-12-03,96002.1640625,96297.203125,93629.5625,95854.59375,67067810961.0,BTC-USD,91925.59953906282,86080.08780982454,98040.96181919234
2024-12-04,98768.53125,99207.328125,94660.5234375,95988.53125,77199817112.0,BTC-USD,92882.75862718963,86714.31141704127,98393.44613067807
2024-12-05,96593.5703125,103900.46875,91998.78125,98741.5390625,149218945580.0,BTC-USD,93145.95615065702,87108.96654758223,98734.7144670956
2024-12-06,99920.7109375,102039.8828125,96514.875,97074.2265625,94534772658.0,BTC-USD,93692.10968346478,88247.60448028198,99926.83594880816
2024-12-07,99923.3359375,100563.3828125,99030.8828125,99916.7109375,44177510897.0,BTC-USD,94003.69495521851,88133.64245608934,99500.7533836976
2024-12-08,101236.015625,101399.9921875,98771.515625,99921.9140625,44125751925.0,BTC-USD,94532.46424765159,88844.9367456311,99897.4444949457
2024-12-09,97432.71875,101272.5078125,94355.9140625,101237.0625,110676473908.0,BTC-USD,95406.29949360114,89214.25191329762,100852.18756322899
2024-12-10,96675.4296875,98270.15625,94321.2578125,97441.234375,104823780634.0,BTC-USD,95438.15978124068,89427.49043085253,101059.8157326134
2024-12-11,101173.03125,101913.359375,95747.2265625,96656.0625,85391409936.0,BTC-USD,96395.31886936806,90396.12566180754,102083.15339104243
2024-12-12,100043.0,102524.9140625,99339.953125,101167.8046875,72073983533.0,BTC-USD,96658.51639283414,91115.84477002807,102842.7444554817
2024-12-13,101459.2578125,101888.8046875,99233.28125,100046.6484375,56894751583.0,BTC-USD,97204.66992564322,91164.81903381753,102907.89285964667
2024-12-14,101372.96875,102618.8828125,100634.0546875,101451.4375,40422968793.0,BTC-USD,97516.25519739681,92252.40977364958,103115.8697585362
2024-12-15,104298.6953125,105047.5390625,101227.03125,101373.53125,51145914137.0,BTC-USD,98045.02448982812,92024.56964395593,103482.44544016512
2024-12-16,106029.71875,107780.578125,103322.984375,104293.578125,91020417816.0,BTC-USD,98918.85973578002,93402.02888060766,104339.01809137707
2024-12-17,106140.6015625,108268.4453125,105291.734375,106030.6875,68589364868.0,BTC-USD,98950.72002341873,93253.65272925668,104680.0292463476
2024-12-18,100041.5390625,106470.609375,100041.5390625,106147.296875,93865656139.0,BTC-USD,99907.87911154602,94333.46362816817,105643.54721532032
2024-12-19,97490.953125,102748.1484375,95587.6796875,100070.6875,97221662392.0,BTC-USD,100171.07663501125,94337.04520393362,105890.72781959266
2024-12-20,97755.9296875,98098.9140625,92175.1796875,97484.6953125,105634083408.0,BTC-USD,100717.23016782207,95144.88328145727,106610.56817060716
2024-12-21,97224.7265625,99507.1015625,96426.5234375,97756.1953125,51765334294.0,BTC-USD,101028.81543957509,95637.07468246284,106447.34327200924
2024-12-22,95104.9375,97360.265625,94202.1875,97218.3203125,43147981314.0,BTC-USD,101557.58473200594,95568.05440921336,107130.35880459817
2024-12-23,94686.2421875,96416.2109375,92403.1328125,95099.390625,65239002919.0,BTC-USD,102431.41997795732,96339.19636716413,108415.79935292696
2024-12-24,98676.09375,99404.0625,93448.015625,94684.34375,47114953674.0,BTC-USD,102463.28026559684,96610.47120190808,108297.69531147419
2024-12-25,99299.1953125,99478.75,97593.46875,98675.9140625,33700394629.0,BTC-USD,103420.43935372397,97600.63551296484,109225.12178885168
2024-12-26,95795.515625,99884.5703125,95137.8828125,99297.6953125,47054980873.0,BTC-USD,103683.63687719047,98060.59498298363,109496.86076481333
2024-12-27,94164.859375,97294.84375,93310.7421875,95704.9765625,52419934565.0,BTC-USD,104229.79040999811,98333.31776784695,109922.58718519472
2024-12-28,95163.9296875,95525.8984375,94014.2890625,94160.1875,24107436185.0,BTC-USD,104541.37568175193,98768.76850642812,109979.68650412468
2024-12-29,93530.2265625,95174.875,92881.7890625,95174.0546875,29635885267.0,BTC-USD,105070.14497418293,99439.67958165536,110582.53102608182
2024-12-30,92643.2109375,94903.3203125,91317.1328125,93527.1953125,56188003691.0,BTC-USD,105943.98022013462,100421.57635629227,111950.76162301551
2024-12-31,93429.203125,96090.6015625,91914.03125,92643.25,43625106843.0,BTC-USD,105975.84050777488,99979.0474251463,111379.19378746256
2025-01-01,,,,,,,106932.99959590191,101313.32751677347,112584.44266945202
2025-01-02,,,,,,,107196.19711936759,101255.16773103447,112870.19225197587
2025-01-03,,,,,,,107742.35065217696,101963.9275781447,113521.87730176668
2025-01-04,,,,,,,108053.9359239301,102729.00628874339,113961.24264695302
2025-01-05,,,,,,,108582.705216362,103109.65528041392,113957.90813299894
2025-01-06,,,,,,,109456.54046231348,103549.17533065859,115449.47503781455
2025-01-07,,,,,,,109488.40074995256,103186.24983101722,115270.5269921168
2025-01-08,,,,,,,110445.5598380792,104863.30402243148,116444.09497538627
2025-01-09,,,,,,,110708.75736154587,105381.89804011954,116101.83994025039
2025-01-10,,,,,,,111254.91089435581,105474.44931539788,117482.6868499018
2025-01-11,,,,,,,111566.49616610691,106187.64537590793,117258.12361834662
2025-01-12,,,,,,,112095.26545853981,106572.85991114605,117804.16752967247
2025-01-13,,,,,,,112969.10070449077,107017.57574936064,118756.47380469604
2025-01-14,,,,,,,113000.96099213061,107309.07412398253,118489.06243355335
2025-01-15,,,,,,,113958.12008025715,108427.63786765195,119724.32725922894
2025-01-16,,,,,,,114221.31760372299,108913.97896957633,120343.28131728603
2025-01-17,,,,,,,114767.4711365318,108693.28781642446,119832.83336667571
2025-01-18,,,,,,,115079.05640828818,109348.28104731151,120893.10889147174
2025-01-19,,,,,,,115607.82570071757,110320.63121495902,121267.6299874982
2025-01-20,,,,,,,116481.66094666906,110904.35861132001,122299.6215119076
2025-01-21,,,,,,,116513.52123430865,110696.78867602436,122575.8444095954
2025-01-22,,,,,,,117470.68032243558,111997.51652262089,123455.92370187891
2025-01-23,,,,,,,117733.87784590115,112053.46058003929,123379.31174506932
2025-01-24,,,,,,,118280.03137871066,112357.16734672556,124005.8863425734
2025-01-25,,,,,,,118591.6166504649,112797.82444676157,124722.0267974334
2025-01-26,,,,,,,119120.38594289539,113562.39634722135,125490.61670539857
2025-01-27,,,,,,,119994.22118884635,114049.6188372919,125969.68385569674
2025-01-28,,,,,,,120026.08147648629,114511.96304281676,126092.31890871351
2025-01-29,,,,,,,120983.24056461305,115228.8257831976,127331.7892351067
2025-01-30,,,,,,,121246.43808807932,115129.2305384744,127145.5530188395
