Date,Open,High,Low,Actual,Volume,Coin,Predicted_Close,Lower_CI,Upper_CI
2024-01-01,0.0894730016589164,0.0920460000634193,0.0888380035758018,0.0920239984989166,298687049.0,DOGE-USD,0.06945371122266732,0.013516538299076572,0.1230127128849411
2024-01-02,0.0920369997620582,0.0943299978971481,0.0908040031790733,0.0912040024995803,496309010.0,DOGE-USD,0.06750919904583387,0.017593024253973646,0.1196660098929144
2024-01-03,0.0912050008773803,0.0920929983258247,0.0810180008411407,0.0820420011878013,1026941029.0,DOGE-USD,0.07117397501220271,0.01678071291034643,0.12104077772578266
2024-01-04,0.0820489972829818,0.0846550017595291,0.0815510004758834,0.0841310024261474,514230239.0,DOGE-USD,0.06984941251334931,0.016149121845050417,0.12097783426343481
2024-01-05,0.0841209962964057,0.084755003452301,0.0812349990010261,0.0827730000019073,547983037.0,DOGE-USD,0.0714918013373286,0.020180598210242203,0.12761941583068626
2024-01-06,0.0827730000019073,0.0827730000019073,0.078854002058506,0.0806640014052391,414677901.0,DOGE-USD,0.07324848604235268,0.02023024572599073,0.12733995013737118
2024-01-07,0.0806680023670196,0.0814739987254142,0.0776349976658821,0.0782250016927719,399266341.0,DOGE-USD,0.07512171378132881,0.021487840552180795,0.12424684228779138
2024-01-08,0.0782279968261718,0.0817169994115829,0.074972003698349,0.0813700035214424,603250657.0,DOGE-USD,0.07642478367297043,0.023643951850224935,0.12698091344925042
2024-01-09,0.0813779979944229,0.0821819975972175,0.077233001589775,0.0792630016803741,957047300.0,DOGE-USD,0.07448027149612992,0.023818209894899463,0.1241394506277036
2024-01-10,0.0792630016803741,0.0844499990344047,0.0766829997301101,0.0829420015215873,703451086.0,DOGE-USD,0.07814504746249748,0.02580652377963499,0.12854092107469497
2024-01-11,0.0829690024256706,0.0876350030303001,0.0823829993605613,0.0846249982714653,778110109.0,DOGE-USD,0.07682048496364122,0.024391303217950067,0.12963009748032794
2024-01-12,0.0846149995923042,0.085377998650074,0.0782470032572746,0.080045998096466,607108203.0,DOGE-USD,0.07846287378763084,0.02931419528397158,0.1279471688287721
2024-01-13,0.0800359994173049,0.0812600031495094,0.0789059996604919,0.0809229984879493,297741301.0,DOGE-USD,0.08021955849264445,0.03338154326848816,0.13378906854324893
2024-01-14,0.0809210017323494,0.0838240012526512,0.0798510015010833,0.0799779966473579,461353847.0,DOGE-USD,0.08209278621676035,0.030630687507846775,0.13377084837423736
2024-01-15,0.0799689963459968,0.0816370025277137,0.0799689963459968,0.0811249986290931,272657967.0,DOGE-USD,0.08339585609352533,0.03071614638944635,0.1355592407629809
2024-01-16,0.081105999648571,0.0822670012712478,0.0799899995326995,0.0813099965453147,328206882.0,DOGE-USD,0.08145134390181358,0.03046782983108096,0.13371510218323232
2024-01-17,0.0813120007514953,0.0815389975905418,0.0795560032129287,0.0805049985647201,261149597.0,DOGE-USD,0.08511611985331245,0.03572807784683768,0.13534800117157395
2024-01-18,0.0805089995265007,0.0806929990649223,0.0773990005254745,0.0779870003461837,314880990.0,DOGE-USD,0.08379155733958413,0.03558948867015883,0.13544585009589863
2024-01-19,0.0779879987239837,0.0787049978971481,0.07515200227499,0.0785359963774681,351038255.0,DOGE-USD,0.0854339461487083,0.03478136534058276,0.13590345861039563
2024-01-20,0.0785339996218681,0.0899979993700981,0.0782359987497329,0.0878880023956298,684267184.0,DOGE-USD,0.08719063083884869,0.03463963393033001,0.14012140781164392
2024-01-21,0.0878679975867271,0.0899920016527175,0.0848430022597312,0.0852729976177215,948730356.0,DOGE-USD,0.0890638585629523,0.03592740417356364,0.13534379876540628
2024-01-22,0.0852919965982437,0.0854159966111183,0.0801950022578239,0.0803409963846206,673330908.0,DOGE-USD,0.09036692843972624,0.04080961142726027,0.14261586160283504
2024-01-23,0.0803460031747818,0.081676997244358,0.0760909989476203,0.0781539976596832,555482191.0,DOGE-USD,0.08842241624801597,0.037942598872246505,0.13944929250246313
2024-01-24,0.0781570002436637,0.0805179998278617,0.0777499973773956,0.0790160000324249,372585722.0,DOGE-USD,0.09208719219951153,0.039258090681282005,0.14435501097754352
2024-01-25,0.0790160000324249,0.0791369974613189,0.0771929994225502,0.0779329985380172,292888748.0,DOGE-USD,0.09076262967412775,0.04198123947093927,0.14210968702486912
2024-01-26,0.0779289975762367,0.0802790001034736,0.0775950029492378,0.0799010023474693,283895680.0,DOGE-USD,0.09240501847160229,0.0378967504145689,0.1433161871371433
2024-01-27,0.0798830017447471,0.0806780010461807,0.0790710002183914,0.0801419988274574,212327663.0,DOGE-USD,0.09416170315009487,0.04148673182968701,0.1460962954976768
2024-01-28,0.0801400020718574,0.0813700035214424,0.0782919973134994,0.0788130015134811,257196385.0,DOGE-USD,0.09603493086254825,0.045385959893410426,0.14498588607450638
2024-01-29,0.0788130015134811,0.0828720033168792,0.0782229974865913,0.0812890008091926,540569157.0,DOGE-USD,0.09733800072767029,0.04774112418847949,0.15138906336626698
2024-01-30,0.0812999978661537,0.0821290016174316,0.0795930027961731,0.0797230005264282,333456483.0,DOGE-USD,0.0953934885243022,0.04464694552745697,0.14831248455649382
2024-01-31,0.0797289982438087,0.0802220031619072,0.0782139971852302,0.0787639990448951,307301569.0,DOGE-USD,0.09905826446414351,0.044987931027975894,0.1500904817702487
2024-02-01,0.0787630006670951,0.0797789990901947,0.077684000134468,0.0793270021677017,257042563.0,DOGE-USD,0.09773370193877434,0.04782794288172389,0.1514254215767458
2024-02-02,0.0793270021677017,0.0799010023474693,0.0786219984292984,0.0792329981923103,220161256.0,DOGE-USD,0.09937609073623277,0.050310626390828166,0.14862271226623308
2024-02-03,0.0792339965701103,0.0794550031423568,0.0786160007119178,0.0786510035395622,152907809.0,DOGE-USD,0.1011327754147221,0.04787397402463787,0.1519653508173836
2024-02-04,0.0786579996347427,0.0798569992184639,0.0780839994549751,0.0782380029559135,183715849.0,DOGE-USD,0.10300600312717821,0.05426233401147287,0.15351296551903124
2024-02-05,0.0782480016350746,0.0800269991159439,0.077504001557827,0.0782200023531913,257544919.0,DOGE-USD,0.10430907299229714,0.05312407841316649,0.15604115024617604
2024-02-06,0.0782260000705719,0.0791810005903244,0.0777629986405372,0.07846599817276,192061699.0,DOGE-USD,0.10236456079063086,0.04658085449852768,0.154867052350652
2024-02-07,0.0784699991345405,0.0802550017833709,0.0782110020518302,0.0801040008664131,213373948.0,DOGE-USD,0.10602933673216967,0.05596365806521067,0.1627228762315053
2024-02-08,0.0801009982824325,0.0807550027966499,0.0796260014176368,0.0798709988594055,248828595.0,DOGE-USD,0.10470477420849301,0.05499468008391472,0.15583246909862836
2024-02-09,0.0798700004816055,0.0820880010724067,0.0798700004816055,0.0815789997577667,333635097.0,DOGE-USD,0.10634716300765104,0.05611548186289858,0.16003562642603422
2024-02-10,0.0815820023417472,0.0820830017328262,0.0804620012640953,0.0814480036497116,212946391.0,DOGE-USD,0.10810384768783474,0.05705287530813982,0.1589641321266441
2024-02-11,0.081446997821331,0.0832789987325668,0.0809919983148574,0.0811930000782013,304303558.0,DOGE-USD,0.10997707540199114,0.05902376640376026,0.16193439044107144
2024-02-12,0.0812029987573623,0.08279699832201,0.0795679986476898,0.082345001399517,360525326.0,DOGE-USD,0.11128014526881391,0.054849583234553426,0.16145177043563055
2024-02-13,0.0823329985141754,0.0829539969563484,0.0800620019435882,0.0810889974236488,419683385.0,DOGE-USD,0.10933563306714203,0.05709395006279253,0.15711568036388926
2024-02-14,0.0810860022902488,0.0870030000805854,0.0805689990520477,0.0855429992079734,627015518.0,DOGE-USD,0.11300040900868291,0.0678927381580581,0.16511978504218994
2024-02-15,0.085546001791954,0.0880480036139488,0.0841659978032112,0.0853559970855712,636946996.0,DOGE-USD,0.111675846485005,0.06158501895144115,0.16313067821452776
2024-02-16,0.0853549987077713,0.0878800004720687,0.0843930020928382,0.0860129967331886,441121282.0,DOGE-USD,0.11331823528416839,0.06062413298915117,0.16549884823947147
2024-02-17,0.0860159993171691,0.086058996617794,0.0822049975395202,0.0835930034518241,347758664.0,DOGE-USD,0.11507491996434968,0.0639881448897939,0.17040769907208286
2024-02-18,0.0835919976234436,0.0856999978423118,0.083016999065876,0.0851659998297691,300251530.0,DOGE-USD,0.11694814767271236,0.06690043597946993,0.16804600502041078
2024-02-19,0.0851690024137497,0.0905359983444213,0.0851209983229637,0.089477002620697,663450017.0,DOGE-USD,0.11825121753374274,0.0686078189295719,0.1690621376192484
2024-02-20,0.0894740000367164,0.0912080034613609,0.0835679993033409,0.0861430019140243,801458657.0,DOGE-USD,0.11630670532628687,0.06405323541012314,0.1621840206156589
2024-02-21,0.0861480012536048,0.0862220004200935,0.0821729972958564,0.0846149995923042,435393890.0,DOGE-USD,0.11997148126204096,0.0693550040326596,0.17253577189544098
2024-02-22,0.0846050009131431,0.0854069963097572,0.0831649973988533,0.0840890035033226,362895383.0,DOGE-USD,0.118646918732568,0.06331728706330986,0.1706947875532869
2024-02-23,0.0840829983353614,0.0854829996824264,0.0830359980463981,0.0844340026378631,400189069.0,DOGE-USD,0.1202893075259383,0.06747383280303518,0.1710986428288425
2024-02-24,0.0844480022788047,0.0863199979066848,0.0839549973607063,0.0861560031771659,326082311.0,DOGE-USD,0.12204599220034296,0.06586796860270469,0.17376354864494897
2024-02-25,0.0861570015549659,0.0867590010166168,0.0854609981179237,0.0860989987850189,290853292.0,DOGE-USD,0.1239192199087002,0.0695329780605521,0.16938495213239643
2024-02-26,0.0860980004072189,0.0900240018963813,0.0842920020222663,0.0893889963626861,523738048.0,DOGE-USD,0.12522228976973265,0.07609267956511193,0.1774969110469777
2024-02-27,0.0893879979848861,0.0999569967389106,0.088637001812458,0.0976710021495819,1806722811.0,DOGE-USD,0.12327777756227828,0.07534437307937833,0.17567540982320995
2024-02-28,0.0976729989051818,0.1211159974336624,0.0946070030331611,0.1165819987654686,3843947641.0,DOGE-USD,0.12694255349802736,0.07783265322173429,0.17706040349867158
2024-02-29,0.1164470016956329,0.1344089955091476,0.1118159964680671,0.1171849966049194,4799960277.0,DOGE-USD,0.12561798920099784,0.06959498885993455,0.17557813638817316
2024-03-01,0.1171670034527778,0.1452610045671463,0.1171670034527778,0.1395570039749145,3758449851.0,DOGE-USD,0.12726037622681305,0.07724458921308933,0.1822519723104595
2024-03-02,0.139614000916481,0.150064006447792,0.136926993727684,0.1421210020780563,3588994520.0,DOGE-USD,0.12901705913364678,0.07555887007998478,0.18196345439711492
2024-03-03,0.1421310007572174,0.1557590067386627,0.12984000146389,0.1538359969854354,4012808483.0,DOGE-USD,0.13089028507444675,0.07841486858672789,0.18310567211563497
2024-03-04,0.1539410054683685,0.1843069940805435,0.1487810015678405,0.1829099953174591,6348241494.0,DOGE-USD,0.1321933531679151,0.07779650328613462,0.18170824031738247
2024-03-05,0.1828040033578872,0.2054390013217926,0.1301030069589615,0.1539369970560073,9368269377.0,DOGE-USD,0.13024883919290312,0.07700958439273504,0.1834134550293476
2024-03-06,0.1539250016212463,0.1774329990148544,0.1469669938087463,0.1577910035848617,4497901224.0,DOGE-USD,0.1339136133610923,0.08312447392637537,0.18634474520879807
2024-03-07,0.1577910035848617,0.1620409935712814,0.1470820009708404,0.1581210047006607,3006036407.0,DOGE-USD,0.13258904906406915,0.07949465619762192,0.18295535605472904
2024-03-08,0.1581200063228607,0.1754949986934662,0.1554940044879913,0.1653469949960708,3976624455.0,DOGE-USD,0.13423143608987825,0.08392125737126972,0.18559394574937818
2024-03-09,0.1653469949960708,0.1845429986715316,0.1643189936876297,0.1790830045938491,3451219764.0,DOGE-USD,0.1359881189967087,0.08508307461100663,0.18845838709558727
2024-03-10,0.1790830045938491,0.1795880049467086,0.1659519970417022,0.1699199974536895,2274489696.0,DOGE-USD,0.13786134493751928,0.08743157545581379,0.18924181087881395
2024-03-11,0.1699070036411285,0.1825090050697326,0.1625670045614242,0.1819649934768676,2905703482.0,DOGE-USD,0.13916441303098182,0.0859207379855325,0.19200953244195876
2024-03-12,0.1819729954004287,0.1831080019474029,0.1601040065288543,0.1681440025568008,2524942571.0,DOGE-USD,0.13721949347419257,0.08608237494507352,0.190349743492455
2024-03-13,0.1681520044803619,0.1738509982824325,0.1657920032739639,0.1691579967737198,1930415342.0,DOGE-USD,0.14088386206060322,0.09314103461559675,0.19093340713181953
2024-03-14,0.1691579967737198,0.1915120035409927,0.1656239926815033,0.1773300021886825,6047716785.0,DOGE-USD,0.1395588921818,0.08633384260870398,0.1876560700527742
2024-03-15,0.1773290038108825,0.1810570061206817,0.1540820002555847,0.1632310003042221,3584306802.0,DOGE-USD,0.14120087362583572,0.0893897764604204,0.193939304857831
2024-03-16,0.1632310003042221,0.1649360060691833,0.1384190022945404,0.1423680037260055,2400392026.0,DOGE-USD,0.14295715095089317,0.09214399659408298,0.19066318313988564
2024-03-17,0.1423639953136444,0.1587609946727752,0.1377319991588592,0.1543300002813339,2329294453.0,DOGE-USD,0.1448299713099046,0.09504645527898592,0.19926571574826235
2024-03-18,0.1543280035257339,0.1543319970369339,0.1401969939470291,0.1436730027198791,1657669949.0,DOGE-USD,0.14613263382160396,0.09522441038768749,0.19474231245384868
2024-03-19,0.1436730027198791,0.145014002919197,0.1256300061941146,0.1287280023097992,2946516944.0,DOGE-USD,0.14418771426480767,0.0909028938121714,0.1964994310583189
2024-03-20,0.1287350058555603,0.1528680026531219,0.1234529986977577,0.1521860063076019,3190645446.0,DOGE-USD,0.1478520828512204,0.09900721076241936,0.19827617058064387
2024-03-21,0.1521860063076019,0.1587589979171753,0.1471890062093734,0.1552920043468475,2581283877.0,DOGE-USD,0.14652711297241094,0.09490573166723161,0.1983252981231579
2024-03-22,0.1553000062704086,0.164902001619339,0.1455910056829452,0.1527030020952224,2672448713.0,DOGE-USD,0.1481690944164497,0.09764509234640761,0.19923374331555796
2024-03-23,0.1527030020952224,0.1746190041303634,0.151855006814003,0.1617680042982101,2912614106.0,DOGE-USD,0.1496404447647297,0.09735423157581127,0.20411146476340644
2024-03-24,0.1617680042982101,0.1799000054597854,0.1617159992456436,0.1764529943466186,2848346890.0,DOGE-USD,0.15122833814699377,0.0978496074386698,0.19999718534702363
2024-03-25,0.1764529943466186,0.1859990060329437,0.1701660007238388,0.175366997718811,2654389972.0,DOGE-USD,0.15224607368192122,0.1003408556827335,0.20528269445746625
2024-03-26,0.175366997718811,0.1860570013523101,0.1749240010976791,0.1824859976768493,2877194654.0,DOGE-USD,0.15001622714836033,0.09917493123662062,0.20054171052009143
2024-03-27,0.1824859976768493,0.1912849992513656,0.1798429936170578,0.1903299987316131,4055908716.0,DOGE-USD,0.15339566875800548,0.09999369830537766,0.20228955501906984
2024-03-28,0.1903170049190521,0.2265810072422027,0.1895730048418045,0.2200559973716735,6553128323.0,DOGE-USD,0.15178577190243533,0.09888396109886667,0.20240880554790783
2024-03-29,0.2200559973716735,0.2243999987840652,0.2088100016117096,0.2134909927845001,3493454859.0,DOGE-USD,0.15314282636970059,0.1012148498985246,0.20732471222688487
2024-03-30,0.2134239971637725,0.2165160030126571,0.1978469938039779,0.1994339972734451,2403795719.0,DOGE-USD,0.15461417671799416,0.10601610103665764,0.20463552670844848
2024-03-31,0.199413001537323,0.22393299639225,0.1993339955806732,0.2200639992952346,2414867092.0,DOGE-USD,0.15620207010025255,0.10658214433983978,0.21202656623046917
2024-04-01,0.2200649976730346,0.2200679928064346,0.1981080025434494,0.2055699974298477,3408206742.0,DOGE-USD,0.157219805635169,0.10463619159596778,0.20832806407456264
2024-04-02,0.2055750042200088,0.2055770009756088,0.1804679930210113,0.1823039948940277,3855758084.0,DOGE-USD,0.15498995910161106,0.10707089269128148,0.20939416302594652
2024-04-03,0.1823019981384277,0.187402993440628,0.1705060005187988,0.1755470037460327,3112605374.0,DOGE-USD,0.15836940071125827,0.10249822773130532,0.2145071574414312
2024-04-04,0.1755470037460327,0.1880999952554702,0.1722619980573654,0.1799259930849075,2153623709.0,DOGE-USD,0.1561969794233981,0.10610364252867667,0.2072710563955585
2024-04-05,0.1799259930849075,0.1804800033569336,0.1680369973182678,0.1775179952383041,1914940616.0,DOGE-USD,0.1569915094583808,0.10328841622585283,0.21034328206066194
2024-04-06,0.1775210052728653,0.1876859962940216,0.1767899990081787,0.1859509944915771,1620171667.0,DOGE-USD,0.1579003353743855,0.11058226783093963,0.20853322475339878
2024-04-07,0.1859489977359771,0.2048110067844391,0.1858029961585998,0.1991080045700073,2643420654.0,DOGE-USD,0.15892570432436154,0.10621273410838684,0.20978446257083022
2024-04-08,0.1991059929132461,0.2086900025606155,0.1958850026130676,0.2026399970054626,2106344172.0,DOGE-USD,0.15938091542699914,0.1097486715523464,0.21026882330865962
2024-04-09,0.2026399970054626,0.203243002295494,0.1863609999418258,0.1890009939670562,2078490138.0,DOGE-USD,0.15658854446114998,0.10618643188776246,0.20702523237545545
2024-04-10,0.1890009939670562,0.201675996184349,0.1817619949579239,0.19998399913311,2662343295.0,DOGE-USD,0.1594054616385103,0.10910685742612611,0.2112471814861045
2024-04-11,0.19998399913311,0.2031199932098388,0.1904419958591461,0.1940110027790069,2179869259.0,DOGE-USD,0.1572330403506473,0.10633830392698031,0.2111371558569778
2024-04-12,0.1940110027790069,0.2004279941320419,0.1625130027532577,0.1745969951152801,3611512055.0,DOGE-USD,0.15802757038563303,0.10741603404597813,0.21002467588095872
2024-04-13,0.1746120005846023,0.1755719929933548,0.1321949958801269,0.1531679928302765,4750917199.0,DOGE-USD,0.1589363963016426,0.10449538865874325,0.213932913933367
2024-04-14,0.1531679928302765,0.1644860059022903,0.1444820016622543,0.1622850000858307,3723264167.0,DOGE-USD,0.1599617652516206,0.10651979909107592,0.21272453699594607
2024-04-15,0.1622850000858307,0.1688899993896484,0.1508840024471283,0.1613689959049224,3604719833.0,DOGE-USD,0.1604169763542477,0.10892475839295837,0.2098491407835096
2024-04-16,0.1613689959049224,0.1622370034456253,0.1469080001115799,0.1559890061616897,2473810383.0,DOGE-USD,0.15724316942113792,0.10358111720917329,0.20542968181255505
2024-04-17,0.1559900045394897,0.1585109978914261,0.1448359936475753,0.1476050019264221,1972027907.0,DOGE-USD,0.15967865063123504,0.11201609357395181,0.21230201468864013
2024-04-18,0.1476060003042221,0.1537169963121414,0.14130699634552,0.1524479985237121,1947482132.0,DOGE-USD,0.1571247933761054,0.10684674606432372,0.20825147268958427
2024-04-19,0.1524479985237121,0.1569059938192367,0.1396439969539642,0.1562680006027221,2186567402.0,DOGE-USD,0.15753788744382335,0.10372539324917264,0.20936878707310014
2024-04-20,0.1562680006027221,0.1648419946432113,0.1509419977664947,0.1628270000219345,1649509831.0,DOGE-USD,0.15806527739257303,0.1060597719215978,0.20922823692675388
2024-04-21,0.1628260016441345,0.1654780060052871,0.1556060016155243,0.1582600027322769,1293159346.0,DOGE-USD,0.15870921037527336,0.10828802942188231,0.20854362726629633
2024-04-22,0.1582590043544769,0.1633609980344772,0.1568430066108703,0.1611939966678619,1251987179.0,DOGE-USD,0.1587829855106389,0.10617574284469929,0.20865971592001745
2024-04-23,0.1611939966678619,0.1628679931163787,0.1571689993143081,0.1599439978599548,1047860346.0,DOGE-USD,0.15560917857753584,0.10276067556906716,0.20775299740558748
2024-04-24,0.1599439978599548,0.1640940010547638,0.1495289951562881,0.1513539999723434,1524749099.0,DOGE-USD,0.1580446597876314,0.10585478905131716,0.2090521665051854
2024-04-25,0.1513559967279434,0.1541810035705566,0.1477530002593994,0.1513939946889877,1078441792.0,DOGE-USD,0.15549080253250144,0.10446619872180314,0.2065359869804738
2024-04-26,0.1513939946889877,0.1517270058393478,0.1470610052347183,0.1478369981050491,877813549.0,DOGE-USD,0.15590389660022552,0.10517690261348749,0.20469430608660502
2024-04-27,0.1478369981050491,0.1493639945983886,0.1432989984750747,0.1477160006761551,847646783.0,DOGE-USD,0.15625848524395758,0.10493567302476231,0.20746173708301716
2024-04-28,0.1477160006761551,0.1509599983692169,0.1463010013103485,0.146698996424675,638063324.0,DOGE-USD,0.15672961692164522,0.10530169363743881,0.20782246360195133
2024-04-29,0.146698996424675,0.147949993610382,0.1399050056934356,0.1434919983148574,1030579266.0,DOGE-USD,0.15663059075200153,0.10815176752647324,0.20661922728219176
2024-04-30,0.1434919983148574,0.1459019929170608,0.1297619938850402,0.1333270072937011,1342359702.0,DOGE-USD,0.15328398251387113,0.10096379810628299,0.20659883074020124
2024-05-01,0.1333270072937011,0.1337240040302276,0.1203479990363121,0.1301340013742447,2135887034.0,DOGE-USD,0.1555466624189518,0.10567365707870424,0.20514237352879935
2024-05-02,0.1301340013742447,0.1342539936304092,0.1242270022630691,0.1321060061454773,1308884973.0,DOGE-USD,0.15282000385881203,0.09888534217420734,0.20327955010548765
2024-05-03,0.1321090012788772,0.1477620005607605,0.1314219981431961,0.1461459994316101,1266276714.0,DOGE-USD,0.15306029662150672,0.09907147373646032,0.2046788642607361
2024-05-04,0.1461420059204101,0.1690919995307922,0.1461060047149658,0.1601569950580597,2791346636.0,DOGE-USD,0.1534148852652428,0.1032620607776106,0.20411312324783246
2024-05-05,0.1601569950580597,0.1631300002336502,0.1549780070781707,0.1610680073499679,1506950274.0,DOGE-USD,0.15388601694293366,0.10442207651466766,0.20825860701265364
2024-05-06,0.1610659956932068,0.1689410060644149,0.154445007443428,0.1566080003976822,1747675308.0,DOGE-USD,0.15378699077328636,0.10106162240393221,0.20514679645875414
2024-05-07,0.1566080003976822,0.1598020046949386,0.149737998843193,0.150189995765686,1139969527.0,DOGE-USD,0.15044038253516265,0.10147679775358454,0.2041699036344346
2024-05-08,0.150189995765686,0.1519210040569305,0.1422110050916671,0.1432940065860748,1159774226.0,DOGE-USD,0.15270306244024176,0.09972414721564185,0.2044374538277062
2024-05-09,0.1432940065860748,0.1539829969406128,0.1431580036878585,0.1521169990301132,1093467705.0,DOGE-USD,0.14997567809233978,0.10230367402270531,0.2033117824783922
2024-05-10,0.1521169990301132,0.1530479937791824,0.1425250023603439,0.1440310031175613,1056928481.0,DOGE-USD,0.1502152450672871,0.09708609029991178,0.1989569038870472
2024-05-11,0.1440310031175613,0.1460369974374771,0.1427070051431656,0.1429239958524704,533516788.0,DOGE-USD,0.15056910792325498,0.09993526291908926,0.20391809181691953
2024-05-12,0.1429249942302703,0.1443890035152435,0.1400160044431686,0.1412310004234314,601107964.0,DOGE-USD,0.15103951381319136,0.0984017332947242,0.20325831298406088
2024-05-13,0.1412310004234314,0.1568250060081482,0.1360429972410202,0.1484339982271194,1918835792.0,DOGE-USD,0.1509397618557931,0.10003514484773716,0.1976337333866558
2024-05-14,0.1484329998493194,0.1547649949789047,0.1443610042333603,0.1454190015792846,1899294334.0,DOGE-USD,0.14759242782990412,0.09404430477383528,0.2007650121126456
2024-05-15,0.1454190015792846,0.1569889932870865,0.1454000025987625,0.1555259972810745,1767635344.0,DOGE-USD,0.14985438194722964,0.09820739470881651,0.20275565151812855
2024-05-16,0.1555290073156356,0.1590249985456466,0.149069994688034,0.1496369987726211,1374063837.0,DOGE-USD,0.1471269975993355,0.09664003513229333,0.20043004838163186
2024-05-17,0.1496369987726211,0.1563639938831329,0.1495169997215271,0.1555629968643188,1112782871.0,DOGE-USD,0.14736656457427902,0.09636801889428993,0.19928011625120753
2024-05-18,0.1555629968643188,0.1568720042705536,0.1516570001840591,0.1530770063400268,771261615.0,DOGE-USD,0.1477204274302364,0.0925783938023064,0.20058061146084444
2024-05-19,0.1530770063400268,0.1559640020132064,0.1479569971561432,0.1491069942712783,786457296.0,DOGE-USD,0.148190833320176,0.09844911225438642,0.1985449964868543
2024-05-20,0.1491069942712783,0.1659449934959411,0.1480990052223205,0.1656879931688308,1512244150.0,DOGE-USD,0.1480910813627741,0.102604148195989,0.20525016083258082
2024-05-21,0.1656879931688308,0.1726299971342086,0.1609050035476684,0.1704739928245544,2792364765.0,DOGE-USD,0.1447384458973748,0.09194592972024476,0.19763286271373678
2024-05-22,0.1704739928245544,0.1740950047969818,0.1622440069913864,0.1661629974842071,1978486152.0,DOGE-USD,0.14699509857517998,0.09398099814861965,0.2006289215036688
2024-05-23,0.1661629974842071,0.1691419929265976,0.1534029990434646,0.1596129983663559,2243999960.0,DOGE-USD,0.1442624127877662,0.09169716424121448,0.19504687389371989
2024-05-24,0.1596129983663559,0.1727010011672973,0.1561609953641891,0.1638029962778091,3012763365.0,DOGE-USD,0.14449667832318847,0.09518211151253672,0.19327364084541185
2024-05-25,0.1638039946556091,0.1740860044956207,0.1629589945077896,0.1739600002765655,1489582490.0,DOGE-USD,0.1448452397396492,0.09098882752412694,0.19737085852871852
2024-05-26,0.1739609986543655,0.1745499968528747,0.1657080054283142,0.1662199944257736,1359410362.0,DOGE-USD,0.14531034419005823,0.08919907658870566,0.1980384146248092
2024-05-27,0.1662199944257736,0.1730359941720962,0.1643649935722351,0.1690900027751922,1404874711.0,DOGE-USD,0.14520529079314812,0.0951844003982066,0.19810007214027117
2024-05-28,0.1690900027751922,0.1693300008773803,0.1617960035800933,0.1649619936943054,1410223091.0,DOGE-USD,0.14185265532774372,0.0875437288813951,0.19034782701340364
2024-05-29,0.1649640053510666,0.1702689975500106,0.1622200012207031,0.1636949926614761,1525668595.0,DOGE-USD,0.14410930800554905,0.09193430396389224,0.1961901699181205
2024-05-30,0.1636960059404373,0.1654070019721985,0.1565950065851211,0.1595440059900283,1452218159.0,DOGE-USD,0.141376622218134,0.09070490590086902,0.19895300263673357
2024-05-31,0.1595389991998672,0.1622260063886642,0.1549070030450821,0.1591359972953796,945969518.0,DOGE-USD,0.14161088775356162,0.09026864677714848,0.19550835329540828
2024-06-01,0.1591359972953796,0.161322996020317,0.158390998840332,0.1601999998092651,496035603.0,DOGE-USD,0.14195944910118674,0.08897613954848028,0.19348106629118872
2024-06-02,0.1601999998092651,0.1611939966678619,0.1549600064754486,0.1572010070085525,585756299.0,DOGE-USD,0.142424553482774,0.08989631890572308,0.1918531994421505
2024-06-03,0.1572010070085525,0.1632110029458999,0.156027004122734,0.158281996846199,929987302.0,DOGE-USD,0.14231950001703525,0.09094448259699421,0.1908748444529279
2024-06-04,0.158281996846199,0.1617439985275268,0.157162994146347,0.1614499986171722,760727969.0,DOGE-USD,0.1389668644828086,0.08696043361544649,0.18830969670698808
2024-06-05,0.1614499986171722,0.1647240072488784,0.1612920016050338,0.163234993815422,820053785.0,DOGE-USD,0.1412235170917895,0.08878605635385128,0.19289900290686607
2024-06-06,0.163234993815422,0.1651699990034103,0.1586569994688034,0.1601590067148208,893170339.0,DOGE-USD,0.13849083123555156,0.08713468598321501,0.18737147367921161
2024-06-07,0.1601579934358596,0.1620189994573593,0.1431179940700531,0.1483030021190643,1581768204.0,DOGE-USD,0.1387250967021517,0.09006153398654282,0.1917514186810975
2024-06-08,0.1482959985733032,0.1485829949378967,0.1440100073814392,0.1460590064525604,872877278.0,DOGE-USD,0.1390736580497741,0.08745530942713067,0.1916322637077714
2024-06-09,0.1460449993610382,0.1490889936685562,0.1451999992132187,0.1467739939689636,656320138.0,DOGE-USD,0.13953876243137192,0.08790199587282625,0.1896325113979625
2024-06-10,0.1467670053243637,0.1478199958801269,0.1434669941663742,0.1447400003671646,752565082.0,DOGE-USD,0.13943370896562735,0.08572879688910984,0.19296978008352456
2024-06-11,0.1447419971227646,0.1450469940900802,0.1341030001640319,0.1381040066480636,1271975142.0,DOGE-USD,0.1360810734314022,0.08433630346700684,0.18753844456250934
2024-06-12,0.1380970031023025,0.1503250002861023,0.1350300014019012,0.1461959928274154,1274848212.0,DOGE-USD,0.13833772604037986,0.08675033350595611,0.19564217317435165
2024-06-13,0.1461970061063766,0.146353006362915,0.1403809934854507,0.1410599946975708,790003626.0,DOGE-USD,0.1356050401839355,0.08334890652941493,0.1873801452435929
2024-06-14,0.1410460025072097,0.143213003873825,0.1321640014648437,0.1349699944257736,859600884.0,DOGE-USD,0.13583930565033228,0.08635887581328128,0.1939440416963113
2024-06-15,0.1349750012159347,0.1372770071029663,0.1343580037355423,0.1365659981966018,476136328.0,DOGE-USD,0.1361878669977518,0.08160214340998827,0.18743016643658844
2024-06-16,0.1365759968757629,0.1373469978570938,0.1348190009593963,0.1369370073080063,385407083.0,DOGE-USD,0.13665297137912055,0.08687410701502922,0.18595367746854938
2024-06-17,0.1369400024414062,0.1380230039358139,0.1264950037002563,0.1288889944553375,960646592.0,DOGE-USD,0.13654791791317628,0.08354683721260286,0.1871017453267089
2024-06-18,0.1288660019636154,0.1291030049324035,0.1153919994831085,0.1222959980368614,1413960450.0,DOGE-USD,0.13319528237874215,0.08682660833629229,0.18365036333554885
2024-06-19,0.1222790032625198,0.1265079975128173,0.121578998863697,0.1223409995436668,642487745.0,DOGE-USD,0.1354519349875114,0.08645567962969919,0.1895807941546052
2024-06-20,0.1223409995436668,0.1282660067081451,0.1214540004730224,0.1244190037250518,734399819.0,DOGE-USD,0.13271924913106248,0.0785463343833144,0.183531282185465
2024-06-21,0.1244300007820129,0.1254999935626983,0.1216169968247413,0.1240290030837059,598393023.0,DOGE-USD,0.13295351459746238,0.08127284244816009,0.18560031784380185
2024-06-22,0.1240380033850669,0.1253650039434433,0.1229590028524398,0.1237889975309372,328642106.0,DOGE-USD,0.13330207594487858,0.08218824899524882,0.1853197379916395
2024-06-23,0.1237829998135566,0.1261200010776519,0.1218269988894462,0.1222570016980171,429188641.0,DOGE-USD,0.13376718032625745,0.08285620861416236,0.18969051612060978
2024-06-24,0.122248999774456,0.1236750036478042,0.1147309988737106,0.1190430000424385,951099440.0,DOGE-USD,0.1336621268603079,0.07864153562701487,0.18470877292343818
2024-06-25,0.1190330013632774,0.1282359957695007,0.1188950017094612,0.1261530071496963,783244352.0,DOGE-USD,0.1303094913300823,0.08035190585646346,0.18213503262220454
2024-06-26,0.1261499971151352,0.1285219937562942,0.121919997036457,0.1226790025830268,526276880.0,DOGE-USD,0.13256614394305866,0.07827956883503029,0.1849947160238306
2024-06-27,0.1226719990372657,0.1281149983406067,0.1206300035119056,0.126910999417305,616932730.0,DOGE-USD,0.12983345809082045,0.07471381678161482,0.18020929988117976
2024-06-28,0.126910001039505,0.1279760003089904,0.1223609969019889,0.1227890029549598,634763078.0,DOGE-USD,0.1300677235614204,0.0774731112833024,0.18214393489723796
2024-06-29,0.1227950006723404,0.1241210028529167,0.1213890016078949,0.1216989979147911,285391178.0,DOGE-USD,0.13041628491304857,0.08091618941213512,0.18635559150633121
2024-06-30,0.1216989979147911,0.1253329962491989,0.1204520016908645,0.1243050023913383,369166834.0,DOGE-USD,0.13088138929862947,0.08059893030134527,0.18240536518564662
2024-07-01,0.1243039965629577,0.1272359937429428,0.1232480034232139,0.1234420016407966,452573746.0,DOGE-USD,0.13077633583688328,0.0837148865401886,0.1821927250025082
2024-07-02,0.1234389990568161,0.1250939965248108,0.1224619969725608,0.1250160038471222,408063753.0,DOGE-USD,0.12742370030666236,0.075245912908972,0.17483276488414348
2024-07-03,0.1250189989805221,0.1253259927034378,0.1170450001955032,0.1184709966182708,657681923.0,DOGE-USD,0.12968035291964086,0.07904762677921355,0.18633139776712399
2024-07-04,0.1184479966759681,0.1189479976892471,0.104431003332138,0.1048870012164115,1239123198.0,DOGE-USD,0.1269476670674006,0.07149742025216226,0.17646005838428547
2024-07-05,0.1048529967665672,0.1064179986715316,0.0937950015068054,0.1055940017104148,1709690679.0,DOGE-USD,0.1271819325379994,0.07417687220354015,0.18097869716564494
2024-07-06,0.1055850014090538,0.1140789985656738,0.1049349978566169,0.1136149987578392,842720114.0,DOGE-USD,0.1275304939002056,0.07311284410776807,0.17729358840197723
2024-07-07,0.1135770007967948,0.1135770007967948,0.1037330031394958,0.1042319983243942,641031095.0,DOGE-USD,0.1279955982963784,0.07579051154670535,0.17888255121277535
2024-07-08,0.1042350009083747,0.1110209971666336,0.0991630032658577,0.1075809970498085,1023119021.0,DOGE-USD,0.12789054484521287,0.07767982760891742,0.17751724634412822
2024-07-09,0.1075699999928474,0.1092199981212616,0.1061379984021186,0.1075130030512809,572733013.0,DOGE-USD,0.12453790932556587,0.07378013105874129,0.17230172393812515
2024-07-10,0.1075190007686615,0.1104300022125244,0.1059039980173111,0.1080219969153404,552090147.0,DOGE-USD,0.12679456194912617,0.0757031936609388,0.1817925964982555
2024-07-11,0.108024001121521,0.1121790036559104,0.1063110008835792,0.1066669970750808,546104180.0,DOGE-USD,0.12406187610746935,0.06961050565672158,0.1730824959417718
2024-07-12,0.1066640019416809,0.1082660034298896,0.1050319969654083,0.1076849997043609,468503073.0,DOGE-USD,0.12429614158865482,0.07146600467378175,0.17481765796902374
2024-07-13,0.1076849997043609,0.1128889992833137,0.1074469983577728,0.112355999648571,497448463.0,DOGE-USD,0.12464470295085861,0.07214839414801852,0.17474430803485497
2024-07-14,0.1123500019311904,0.1164949983358383,0.1113499999046325,0.1154489964246749,551768272.0,DOGE-USD,0.12510980734703392,0.07120610087610078,0.17699494079138944
2024-07-15,0.1154709979891777,0.125351995229721,0.1147890016436576,0.125228002667427,865334768.0,DOGE-USD,0.12500475389586402,0.07577227577762853,0.17615004255898084
2024-07-16,0.1251640021800995,0.1272570043802261,0.1193709969520568,0.1249310001730918,1023424280.0,DOGE-USD,0.12165211837621512,0.07173106323856006,0.1746357882168391
2024-07-17,0.1249329969286918,0.1275060027837753,0.1206429973244667,0.1218840032815933,731025036.0,DOGE-USD,0.12390877099977751,0.0736287548610216,0.17497088147081924
2024-07-18,0.1218789964914321,0.1238429993391037,0.1175730004906654,0.119496002793312,710080580.0,DOGE-USD,0.12117608515275873,0.07216244993899325,0.17736592239932586
2024-07-19,0.1195010021328926,0.1260560005903244,0.1179080009460449,0.1254799962043762,724349409.0,DOGE-USD,0.12141035062858427,0.06914518854193162,0.17173407011399394
2024-07-20,0.1254750043153762,0.1356460005044937,0.1244850009679794,0.1344300061464309,1109519614.0,DOGE-USD,0.1217589119854365,0.0682347116630431,0.17508556792392993
2024-07-21,0.1344300061464309,0.1430869996547699,0.1264050006866455,0.1401689946651458,1229665449.0,DOGE-USD,0.12222401637625185,0.07234816587169476,0.17537145929710776
2024-07-22,0.1401669979095459,0.1424690037965774,0.1362140029668808,0.1378809958696365,1468393831.0,DOGE-USD,0.12211896291973516,0.07054632732023353,0.1711096716967682
2024-07-23,0.1378819942474365,0.1392019987106323,0.128489002585411,0.1303910017013549,963364309.0,DOGE-USD,0.11876632739473211,0.06737670565404909,0.17240067601403555
2024-07-24,0.1303859949111938,0.1346269994974136,0.1272439956665039,0.1280879974365234,734879689.0,DOGE-USD,0.12102298001293729,0.06428515513020787,0.1696133749459013
2024-07-25,0.1280889958143234,0.1286409944295883,0.1203230023384094,0.1252209991216659,970420635.0,DOGE-USD,0.11829029416591395,0.06564703366475379,0.17138986206390902
2024-07-26,0.1252219974994659,0.1348779946565628,0.1252000033855438,0.1343179941177368,752603628.0,DOGE-USD,0.11852455964174927,0.06843846444027847,0.17188395735062023
2024-07-27,0.1343179941177368,0.1386670023202896,0.1313409954309463,0.1315920054912567,1193072781.0,DOGE-USD,0.11887312099859962,0.06985899229082919,0.17302078665509021
2024-07-28,0.1315969973802566,0.1317999958992004,0.1283240020275116,0.130074992775917,755293791.0,DOGE-USD,0.11933822538941752,0.06924205015328581,0.1705804086573161
2024-07-29,0.1300760060548782,0.1349489986896515,0.1279550045728683,0.1286740005016327,809333955.0,DOGE-USD,0.11923317193288986,0.06546328838724061,0.1725580829414899
2024-07-30,0.1286620050668716,0.1303060054779052,0.1236620023846626,0.1255950033664703,638122391.0,DOGE-USD,0.1158805364135864,0.06359947292071645,0.16538108733427795
2024-07-31,0.1255930066108703,0.1272010058164596,0.1215429976582527,0.1220140010118484,609802169.0,DOGE-USD,0.11813718903748513,0.0657422644833343,0.16464834077080373
2024-08-01,0.1220209971070289,0.1229320019483566,0.1128280013799667,0.1192359998822212,861079384.0,DOGE-USD,0.1154045031961639,0.06460318886389911,0.16888993586217904
2024-08-02,0.1192350015044212,0.1195129975676536,0.1105670034885406,0.1115079969167709,826720039.0,DOGE-USD,0.1156387686776799,0.06512683197457761,0.16869773476053979
2024-08-03,0.1115069985389709,0.114496998488903,0.1054179966449737,0.1081689968705177,808239471.0,DOGE-USD,0.11598733004022917,0.0643355187838978,0.16544732165323173
2024-08-04,0.1081689968705177,0.109214000403881,0.0996059998869896,0.1037330031394958,827323034.0,DOGE-USD,0.11645243443674519,0.06156182738744473,0.16703542750372175
2024-08-05,0.1037319973111152,0.1041660010814666,0.0808309987187385,0.0945030003786087,3194029250.0,DOGE-USD,0.11634738098590881,0.06427344745384611,0.16934368462353602
2024-08-06,0.0945020020008087,0.1013879999518394,0.0943669974803924,0.0963710024952888,1124169389.0,DOGE-USD,0.11299474546661203,0.05962196219292375,0.16811546189329443
2024-08-07,0.0963710024952888,0.1018470004200935,0.0945940017700195,0.0955149978399276,1000135339.0,DOGE-USD,0.11525139809050919,0.06453015002840382,0.16542568596830776
2024-08-08,0.0955149978399276,0.1077720001339912,0.0939769968390464,0.1074040010571479,858015369.0,DOGE-USD,0.11251871224918344,0.058566300640339214,0.16639360007290963
2024-08-09,0.1074090003967285,0.107582002878189,0.1017739996314048,0.1039739996194839,602450305.0,DOGE-USD,0.11275297773070975,0.05950506387150569,0.16162895490076054
2024-08-10,0.1039739996194839,0.1058589965105056,0.1031159982085228,0.1052019968628883,371267774.0,DOGE-USD,0.11310153918701787,0.06627038838588754,0.16020634551438437
2024-08-11,0.1052030026912689,0.1107940003275871,0.1002990007400512,0.1005659997463226,676944256.0,DOGE-USD,0.11356664367728973,0.06034280894983129,0.16762808019140016
2024-08-12,0.1005659997463226,0.108534999191761,0.1004709973931312,0.1077670007944107,778786434.0,DOGE-USD,0.11346159032023369,0.06161292736394242,0.16695713009880114
2024-08-13,0.1077670007944107,0.1088429987430572,0.1035720035433769,0.1064160019159317,575505923.0,DOGE-USD,0.11010895489467884,0.05937502437919963,0.16252636435636014
2024-08-14,0.1064160019159317,0.1067399978637695,0.1018050014972686,0.1025549992918968,564943505.0,DOGE-USD,0.11236560761234132,0.05768281816484402,0.16412415972438144
2024-08-15,0.1025549992918968,0.1047979965806007,0.0981950014829635,0.1002670004963874,617034813.0,DOGE-USD,0.1096329218647756,0.05764323951356369,0.1655969874986937
2024-08-16,0.1002670004963874,0.1020279973745346,0.09774199873209,0.1004389971494674,539609334.0,DOGE-USD,0.1098671874400608,0.054841772736575214,0.15987253467002244
2024-08-17,0.1004389971494674,0.1036309972405433,0.1001560017466545,0.1027550026774406,305545333.0,DOGE-USD,0.11021574889636618,0.060833695535651,0.16128474112520383
2024-08-18,0.1027550026774406,0.1043059974908828,0.1001690030097961,0.1001719981431961,377630490.0,DOGE-USD,0.11068085338664128,0.057662963079143294,0.16062756162468603
2024-08-19,0.1001719981431961,0.1018069982528686,0.0987119972705841,0.1015039980411529,463249309.0,DOGE-USD,0.1105758000295868,0.058214946099410005,0.16021776686198502
2024-08-20,0.1015060022473335,0.1056189984083175,0.1012289971113205,0.1030009984970092,695089222.0,DOGE-USD,0.10722316460403346,0.05905390254762333,0.16478840979760306
2024-08-21,0.1030000001192092,0.1078250035643577,0.102462001144886,0.1061569973826408,509933481.0,DOGE-USD,0.10947981732169448,0.05765612109847508,0.16203091742336703
2024-08-22,0.1061569973826408,0.1068219989538192,0.104273997247219,0.1053080037236213,391690266.0,DOGE-USD,0.1068577908295286,0.052063249118196216,0.15867089690468802
2024-08-23,0.1053080037236213,0.1152390018105506,0.1053050011396408,0.112926997244358,860650259.0,DOGE-USD,0.10720271566020292,0.05680098619594198,0.1586960051629793
2024-08-24,0.112926997244358,0.114946998655796,0.1112470030784607,0.1126310005784034,673199379.0,DOGE-USD,0.10766193637191666,0.05500570895604543,0.16156666144010332
2024-08-25,0.1126310005784034,0.1127580031752586,0.1081169992685318,0.1096979975700378,584876309.0,DOGE-USD,0.1082377001175814,0.058671502592056585,0.16109559420788747
2024-08-26,0.1096990033984184,0.1102920025587081,0.1046390011906623,0.1052919998764991,560759055.0,DOGE-USD,0.10824330601591119,0.056639713632013616,0.15895349098475167
2024-08-27,0.1052919998764991,0.1064779981970787,0.0973920002579689,0.0990559980273246,615156838.0,DOGE-USD,0.10500132984575798,0.05173712130005944,0.1555602597287978
2024-08-28,0.0990559980273246,0.1017580032348632,0.0972919985651969,0.0996270030736923,657073357.0,DOGE-USD,0.1073686418188162,0.058154602727041406,0.16113613456205267
2024-08-29,0.0996270030736923,0.1024919971823692,0.0985350012779235,0.1004249975085258,461885564.0,DOGE-USD,0.10474661532664908,0.05311594078487392,0.15691259465259813
2024-08-30,0.1004249975085258,0.1023819968104362,0.0972749963402748,0.1020430028438568,572514236.0,DOGE-USD,0.10509154015732146,0.05580236756495787,0.15679379084184034
2024-08-31,0.1020430028438568,0.10224100202322,0.1004739999771118,0.1013320013880729,303734469.0,DOGE-USD,0.10555076086903194,0.05460745991804318,0.15734788629149357
2024-09-01,0.1013320013880729,0.1014610007405281,0.0943429991602897,0.0953539982438087,424515197.0,DOGE-USD,0.10612652461469987,0.05451540348674308,0.1554957889721825
2024-09-02,0.0953539982438087,0.0997399985790252,0.0941670015454292,0.0991149991750717,463950026.0,DOGE-USD,0.10659701804071314,0.05231232474775503,0.15575083052632632
2024-09-03,0.0991149991750717,0.1007060036063194,0.0967010036110878,0.0967189967632293,395659305.0,DOGE-USD,0.10381992939825177,0.050890740215239344,0.15591443256084792
2024-09-04,0.0967150032520294,0.0994559973478317,0.0929789990186691,0.0980250015854835,579587111.0,DOGE-USD,0.10665212889899581,0.05611145662326299,0.1558599000233725
2024-09-05,0.0980250015854835,0.0990990027785301,0.0962250009179115,0.0983090028166771,452927311.0,DOGE-USD,0.10449498993451792,0.0505656407568581,0.1551232719297752
2024-09-06,0.0983090028166771,0.0993790030479431,0.0893729999661445,0.0924839973449707,802922234.0,DOGE-USD,0.10530480229288272,0.053471166051842565,0.1571501660894146
2024-09-07,0.0924839973449707,0.0956180021166801,0.0918119996786117,0.0952610000967979,412044016.0,DOGE-USD,0.10622891053226982,0.053494874507790745,0.1607926854543776
2024-09-08,0.0952610000967979,0.096902996301651,0.0940470024943351,0.0960799977183342,381739751.0,DOGE-USD,0.1072695618056275,0.05839182349433801,0.15519399466330233
2024-09-09,0.0960799977183342,0.1046189963817596,0.0958319976925849,0.1038289964199066,698093518.0,DOGE-USD,0.10774005523164286,0.05363408207494575,0.1588352086104232
2024-09-10,0.1038289964199066,0.1045209988951683,0.1016609966754913,0.1027119979262352,465166360.0,DOGE-USD,0.10496296658918106,0.05276540958812002,0.1550256357320726
2024-09-11,0.1027119979262352,0.1029699966311454,0.0980909988284111,0.1013780012726783,532198021.0,DOGE-USD,0.10779516608992716,0.05981149407338928,0.1584536720809772
2024-09-12,0.1013780012726783,0.1032069995999336,0.1006359979510307,0.1027989983558654,439730013.0,DOGE-USD,0.10563802712545223,0.0540863143663838,0.15538177938414416
2024-09-13,0.1027989983558654,0.1082900017499923,0.1018650010228157,0.1071140021085739,675630464.0,DOGE-USD,0.10644783948381814,0.05470428360374575,0.15263328036408824
2024-09-14,0.1071129962801933,0.1075579971075058,0.1046430021524429,0.1054669991135597,426157956.0,DOGE-USD,0.1081685700226421,0.05589739702295785,0.16422087266501734
2024-09-15,0.1054669991135597,0.1063589975237846,0.1025770008563995,0.1029329970479011,428890116.0,DOGE-USD,0.11000584359542678,0.06071050382958024,0.160231629706144
2024-09-16,0.1029379963874816,0.1031320020556449,0.0984579995274543,0.0996930003166198,528755469.0,DOGE-USD,0.11127295932089039,0.06320720117719517,0.1624185937030914
2024-09-17,0.0996960029006004,0.1024670004844665,0.0988439992070198,0.1011369973421096,480290242.0,DOGE-USD,0.10929249297786936,0.057218689936334555,0.15991597981388297
2024-09-18,0.1011369973421096,0.1035899966955185,0.0995780006051063,0.1035849973559379,549512848.0,DOGE-USD,0.11292131477805141,0.06106534856744927,0.16439850010570614
2024-09-19,0.1035849973559379,0.107073999941349,0.1035849973559379,0.1050309985876083,656532122.0,DOGE-USD,0.11156079811301305,0.06273326944375932,0.16385409694153402
2024-09-20,0.1050309985876083,0.1072959974408149,0.1037480011582374,0.1054710000753402,595150523.0,DOGE-USD,0.11316723277082139,0.05962915039703113,0.16498919064608283
2024-09-21,0.1054710000753402,0.1103729978203773,0.104152001440525,0.1100490018725395,502306053.0,DOGE-USD,0.11488796330965019,0.06380417661075717,0.1646831905101546
2024-09-22,0.1100490018725395,0.1100500002503395,0.1040199995040893,0.1063390001654625,480950368.0,DOGE-USD,0.11672523688243736,0.06706993096663043,0.16549379582883061
2024-09-23,0.1063390001654625,0.1090840026736259,0.1047199964523315,0.1081560030579567,644419670.0,DOGE-USD,0.11799235260790175,0.07092218334507659,0.17261433481573504
2024-09-24,0.1081560030579567,0.1104680001735687,0.1069829985499382,0.109774999320507,708492630.0,DOGE-USD,0.1160118862648756,0.06457765541422969,0.1649517901306718
2024-09-25,0.109774999320507,0.1108840033411979,0.1081700026988983,0.1085039973258972,696620734.0,DOGE-USD,0.11964070806505611,0.06836361066401514,0.17386975741208838
2024-09-26,0.1085039973258972,0.1201630011200904,0.1071449965238571,0.1181759983301162,1347684388.0,DOGE-USD,0.11926712903952613,0.0702055006690093,0.16996288500080065
2024-09-27,0.1181759983301162,0.1280799955129623,0.1171730011701583,0.1237139999866485,1367867354.0,DOGE-USD,0.1218605013368306,0.0711236847676453,0.16945388731309005
2024-09-28,0.1237139999866485,0.1319500058889389,0.1206159964203834,0.1286710053682327,1449764972.0,DOGE-USD,0.12456816951515913,0.07486566475367128,0.175316484216646
2024-09-29,0.1286700069904327,0.1303019970655441,0.1246419996023178,0.1246739998459816,856945778.0,DOGE-USD,0.12739238072745274,0.07875467888889186,0.1797998850618845
2024-09-30,0.124669000506401,0.124669000506401,0.1137389987707138,0.1144279986619949,976744755.0,DOGE-USD,0.1296464340924165,0.07804816336608489,0.18106956151861978
2024-10-01,0.1144270002841949,0.1192739978432655,0.1039550006389617,0.1070429980754852,1332235464.0,DOGE-USD,0.12865290538889815,0.07552443863202718,0.17865427213176496
2024-10-02,0.1070429980754852,0.1094110012054443,0.1025089994072914,0.1047590002417564,910153432.0,DOGE-USD,0.13326866482858207,0.0817197901616769,0.18341047989223508
2024-10-03,0.1047580018639564,0.1066379994153976,0.1015290021896362,0.1050990000367164,825842052.0,DOGE-USD,0.1328950858030476,0.08343831784556224,0.18895925201511748
2024-10-04,0.1050990000367164,0.1104369983077049,0.1049590036273002,0.109264001250267,670077063.0,DOGE-USD,0.13548845810035448,0.08401875484863104,0.18740035840908253
2024-10-05,0.109264001250267,0.1100630015134811,0.1077269986271858,0.1094869971275329,391880787.0,DOGE-USD,0.13819612627868041,0.08637597851114089,0.19480633232837022
2024-10-06,0.1094869971275329,0.1126559972763061,0.1085119992494583,0.1114799976348877,435305366.0,DOGE-USD,0.14102033749098458,0.09067168452990669,0.1980245370988447
2024-10-07,0.1114799976348877,0.1152089983224868,0.108654998242855,0.108654998242855,849108258.0,DOGE-USD,0.14426507327268154,0.09402405513763448,0.1920264712128658
2024-10-08,0.1086520031094551,0.1097040027379989,0.1053519994020462,0.1070439964532852,615072081.0,DOGE-USD,0.1442622269858913,0.09318184667859569,0.19300835556516263
2024-10-09,0.1070439964532852,0.1111320033669471,0.1063769981265068,0.1079389974474906,667785123.0,DOGE-USD,0.14986866884230793,0.09717641302125841,0.20030849589582694
2024-10-10,0.1079370006918907,0.1084500029683113,0.1033079996705055,0.1059800013899803,749185963.0,DOGE-USD,0.15048577223350942,0.1030974113340965,0.19987347287020069
2024-10-11,0.1059800013899803,0.111344002187252,0.1057019978761673,0.1107330024242401,650490847.0,DOGE-USD,0.15406982694755553,0.09839354177975225,0.2030782008884399
2024-10-12,0.1107330024242401,0.1120579987764358,0.1094570010900497,0.1114159971475601,519024338.0,DOGE-USD,0.15776817754261288,0.10477224495567405,0.20378670057386672
2024-10-13,0.1114159971475601,0.1120050027966499,0.1087990030646324,0.1113360002636909,573648913.0,DOGE-USD,0.16158307117164575,0.11023187775735309,0.21033938094013088
2024-10-14,0.1113360002636909,0.1174559965729713,0.1094290018081665,0.1166540011763572,1038038455.0,DOGE-USD,0.1648278069533391,0.11636982060161993,0.21500013114251204
2024-10-15,0.1166540011763572,0.1187919974327087,0.1105120033025741,0.11752700060606,1367247373.0,DOGE-USD,0.16482496066655378,0.11405802575691978,0.21642511070107384
2024-10-16,0.1175249963998794,0.1294440031051635,0.1159309968352317,0.1257729977369308,2270276586.0,DOGE-USD,0.17043140252297043,0.11990335280863364,0.22251008261381158
2024-10-17,0.1257729977369308,0.1306490004062652,0.1207619979977607,0.1296579986810684,1557107117.0,DOGE-USD,0.17104850591416748,0.11989122259056,0.22107801246493228
2024-10-18,0.1296599954366684,0.140526995062828,0.1296470016241073,0.1372130066156387,2216997635.0,DOGE-USD,0.17463256062820925,0.1197310206464574,0.22475797012905147
2024-10-19,0.1372130066156387,0.1465439945459365,0.1371899992227554,0.1445270031690597,1898579280.0,DOGE-USD,0.17887918757837556,0.1318749946628917,0.2258368917696865
2024-10-20,0.1445260047912597,0.1452459990978241,0.1375769972801208,0.142083004117012,1456913937.0,DOGE-USD,0.18324235756248353,0.1306489389456263,0.23489219219693266
2024-10-21,0.142084002494812,0.1495330035686493,0.1384329944849014,0.1436900049448013,2075196142.0,DOGE-USD,0.18703536969926765,0.13754442707294015,0.23786727041121458
2024-10-22,0.1436900049448013,0.1478829979896545,0.1368480026721954,0.1395079940557479,1647303198.0,DOGE-USD,0.18758079976757036,0.13664836162898128,0.23856837890049792
2024-10-23,0.1395110040903091,0.1406040042638778,0.1332789957523346,0.138496994972229,1430747359.0,DOGE-USD,0.1937355179790778,0.14088271181438863,0.24475762145934882
2024-10-24,0.1399009972810745,0.1435019969940185,0.1364499926567077,0.14198699593544,1349772912.0,DOGE-USD,0.19490089772536193,0.1467730612402449,0.24566271218207553
2024-10-25,0.14198799431324,0.1423999965190887,0.1285479962825775,0.1310130059719085,1458877964.0,DOGE-USD,0.19903322879449784,0.1466011815285596,0.2500223428933127
2024-10-26,0.1310130059719085,0.1378310024738311,0.130839005112648,0.1373569965362548,947921669.0,DOGE-USD,0.2032798557446534,0.14969216006855907,0.2494262160453412
2024-10-27,0.1373569965362548,0.1458570063114166,0.1360570043325424,0.1443119943141937,1129296560.0,DOGE-USD,0.2076430257287646,0.15448101273207576,0.25827824435054636
2024-10-28,0.1443109959363937,0.1620099991559982,0.1411760002374649,0.1611499935388565,3078140199.0,DOGE-USD,0.21143603786554513,0.16115607358570472,0.26213741869130414
2024-10-29,0.1611520051956176,0.1792269945144653,0.1608259975910186,0.1758390069007873,3785378330.0,DOGE-USD,0.21198146793385275,0.16272502036001554,0.26861417208230376
2024-10-30,0.1758390069007873,0.1775349974632263,0.1652500033378601,0.1681459993124008,2319205433.0,DOGE-USD,0.2181361861453587,0.1623026141416634,0.26850520571347425
2024-10-31,0.1681459993124008,0.1729969978332519,0.1565459966659546,0.1613720059394836,2213630995.0,DOGE-USD,0.2193015658916494,0.16756218614687857,0.27072230610049414
2024-11-01,0.1613720059394836,0.1682419925928115,0.1544200032949447,0.1591850072145462,2406203136.0,DOGE-USD,0.22343389696077895,0.1739885778228454,0.2790057915374609
2024-11-02,0.1591890007257461,0.1632979959249496,0.1560350060462951,0.1593160033226013,1342216649.0,DOGE-USD,0.22768052391093144,0.1766119896175001,0.2805346049447958
2024-11-03,0.1593160033226013,0.1596270054578781,0.1428229957818985,0.1514540016651153,2214868458.0,DOGE-USD,0.23204369389505308,0.18166367423432514,0.28519210417574525
2024-11-04,0.1514540016651153,0.1598940044641494,0.1485809981822967,0.1583459973335266,2541759238.0,DOGE-USD,0.23583670603182777,0.18158725625064515,0.28920683029451294
2024-11-05,0.1583449989557266,0.1788399964570999,0.1581790000200271,0.1701799929141998,4095671194.0,DOGE-USD,0.2363821361001368,0.1833296414813501,0.2860974135858664
2024-11-06,0.1701879948377609,0.2133360058069229,0.1696940064430236,0.1966580003499984,12194137333.0,DOGE-USD,0.24253685431164299,0.1912762026025519,0.2929184947962126
2024-11-07,0.1966580003499984,0.203477993607521,0.1862549930810928,0.1931589990854263,4338342915.0,DOGE-USD,0.2437022340579324,0.19328304573749228,0.2945951833116139
2024-11-08,0.1931589990854263,0.2065639942884445,0.1912889927625656,0.2021320015192031,4089504352.0,DOGE-USD,0.2478345651270597,0.19923187167589715,0.2999893697177201
2024-11-09,0.2021310031414032,0.2197369933128357,0.1978249996900558,0.218760997056961,4290391407.0,DOGE-USD,0.25208119207721746,0.19778198536244593,0.3036665932172978
2024-11-10,0.2187940031290054,0.2966139912605285,0.217301994562149,0.2790949940681457,14901681717.0,DOGE-USD,0.25644436206132704,0.2010967717677113,0.3119540410078726
2024-11-11,0.2790949940681457,0.3496020138263702,0.2761420011520386,0.3495210111141205,19590715363.0,DOGE-USD,0.26023737419811704,0.21357280422435773,0.3116507832112093
2024-11-12,0.3495210111141205,0.4358629882335663,0.333431988954544,0.3822210133075714,39936467957.0,DOGE-USD,0.2607828042664173,0.2112671851043242,0.3128338144730988
2024-11-13,0.3822180032730102,0.4316239953041076,0.3566089868545532,0.399522989988327,28286313456.0,DOGE-USD,0.2669375224779273,0.21283885376743036,0.3214035718277548
2024-11-14,0.399522989988327,0.4147039949893951,0.3558079898357391,0.3616459965705871,15564516841.0,DOGE-USD,0.26810290222421046,0.2190409252725395,0.320734358472294
2024-11-15,0.3617129921913147,0.3842459917068481,0.3544690012931824,0.3791890144348144,11623194182.0,DOGE-USD,0.2722352332933408,0.22111531740551682,0.32439135062783564
2024-11-16,0.3791899979114532,0.3898789882659912,0.3613030016422272,0.3637480139732361,7524229950.0,DOGE-USD,0.27648186024348725,0.22433381940845382,0.32728210319682915
2024-11-17,0.363750010728836,0.3735580146312713,0.3416990041732788,0.3665600121021271,7832273719.0,DOGE-USD,0.2808450302276155,0.23005983680611067,0.3287358573752425
2024-11-18,0.3665699958801269,0.3799059987068176,0.3592349886894226,0.3717409968376159,8396330143.0,DOGE-USD,0.2846380423643999,0.23392993776172505,0.3370322856624423
2024-11-19,0.3717400133609772,0.4183340072631836,0.3680199980735779,0.3913559913635254,12889618537.0,DOGE-USD,0.2851834724327014,0.23494490587835806,0.33862792855097845
2024-11-20,0.3913399875164032,0.3955990076065063,0.3665690124034881,0.377496987581253,8029529786.0,DOGE-USD,0.2913381906442101,0.24053634595851686,0.34222386084734346
2024-11-21,0.377496987581253,0.3949440121650696,0.3700119853019714,0.3876169919967651,8052510566.0,DOGE-USD,0.2925035703904985,0.24533779423380178,0.3438131985987439
2024-11-22,0.3876259922981262,0.4191919863224029,0.381520003080368,0.4129239916801452,13591947495.0,DOGE-USD,0.29663590145962193,0.24285103446837566,0.34605520081419994
2024-11-23,0.4129239916801452,0.4774599969387054,0.40556600689888,0.4300119876861572,20873625275.0,DOGE-USD,0.3008825284097815,0.2480654070333821,0.3518873075616604
2024-11-24,0.4300119876861572,0.4524280130863189,0.400967001914978,0.4298819899559021,12213185937.0,DOGE-USD,0.305245698393904,0.25633523634941097,0.3571545510865351
2024-11-25,0.4298950135707855,0.4370419979095459,0.3815149962902069,0.393339991569519,9773285006.0,DOGE-USD,0.30903871053068255,0.25671017631441617,0.358350341974189
2024-11-26,0.3933109939098358,0.408372014760971,0.3673189878463745,0.3876180052757263,8847260920.0,DOGE-USD,0.30958414059898365,0.2575808262493806,0.3637591357506669
2024-11-27,0.3876149952411651,0.408051997423172,0.3816910088062286,0.4015249907970428,6388400976.0,DOGE-USD,0.31573885881049263,0.2605676621216315,0.3698177816503889
2024-11-28,0.4015150070190429,0.4273050129413605,0.3922590017318725,0.4020180106163025,5955119388.0,DOGE-USD,0.31690423855677674,0.2703362024331162,0.36898670256171573
2024-11-29,0.4020189940929413,0.4370859861373901,0.3999919891357422,0.4258390069007873,6768739922.0,DOGE-USD,0.32103656962590327,0.2668881565204563,0.37413288794863253
2024-11-30,0.4258390069007873,0.43470099568367,0.4153609871864319,0.4219709932804107,5601447294.0,DOGE-USD,0.32528319657605936,0.2810413688342156,0.3770733365603987
2024-12-01,0.421968013048172,0.4492810070514679,0.4176940023899078,0.4400230050086975,8333397829.0,DOGE-USD,0.3296463665601852,0.2759845108149774,0.3807328079384266
2024-12-02,0.4400489926338196,0.4602450132369995,0.4051119983196258,0.42467001080513,13072433718.0,DOGE-USD,0.3334393786969718,0.2819805278387834,0.38972369115321437
2024-12-03,0.42467200756073,0.4280489981174469,0.3914720118045807,0.4078820049762726,9362620939.0,DOGE-USD,0.33398480876526604,0.2828696185949095,0.3790322315620619
2024-12-04,0.4078510105609894,0.4356260001659393,0.4019590020179748,0.4319570064544678,8065078709.0,DOGE-USD,0.3401395269767735,0.2904492486738784,0.39110108490880047
2024-12-05,0.4319030046463012,0.4634039998054504,0.4090110063552856,0.4305860102176666,15284058219.0,DOGE-USD,0.341304906723069,0.29319304628249027,0.3903954423365831
2024-12-06,0.4278939962387085,0.441781997680664,0.4212599992752075,0.435708999633789,6668459793.0,DOGE-USD,0.34543723779219143,0.2945135842850275,0.39571223488834495
2024-12-07,0.4357120096683502,0.4660390019416809,0.4321280121803283,0.4538869857788086,8127914572.0,DOGE-USD,0.3496838647423456,0.3005451924455504,0.39852049148401114
2024-12-08,0.4538910090923309,0.4835099875926971,0.4482400119304657,0.4672969877719879,8171222257.0,DOGE-USD,0.35404703472647314,0.30164116358814874,0.40586100474629294
2024-12-09,0.4672990143299103,0.4672990143299103,0.3847210109233856,0.4147189855575561,11830538830.0,DOGE-USD,0.35784004686324944,0.31053189656231633,0.40709021618608426
2024-12-10,0.4147219955921173,0.4224070012569427,0.3668400049209595,0.3945200145244598,11257345383.0,DOGE-USD,0.35838547693154826,0.3084279750119046,0.40970784072945465
2024-12-11,0.3945119976997375,0.4187879860401153,0.3766329884529114,0.4144920110702514,6670843571.0,DOGE-USD,0.3645401951430581,0.3136552535204056,0.41196202961252515
2024-12-12,0.4144949913024902,0.4233590066432953,0.40174400806427,0.4065479934215545,5601004925.0,DOGE-USD,0.3657055748893471,0.31607770074368247,0.41836924088928007
2024-12-13,0.4065479934215545,0.4116869866847992,0.399861991405487,0.4090810120105743,3815608761.0,DOGE-USD,0.3698379059584722,0.31886321072051105,0.41818202705890634
2024-12-14,0.4090810120105743,0.4127539992332458,0.388139009475708,0.3979760110378265,3165759137.0,DOGE-USD,0.37408453290863136,0.3240123291882012,0.4285293852242434
2024-12-15,0.3979719877243042,0.409835010766983,0.3929089903831482,0.4062719941139221,2654366167.0,DOGE-USD,0.3784477028927468,0.3268613620014398,0.43437362412906644
2024-12-16,0.4062950015068054,0.4135940074920654,0.3927359879016876,0.4019339978694916,3891164219.0,DOGE-USD,0.38224071502953705,0.32911188450080037,0.43538578422743307
2024-12-17,0.4019350111484527,0.4098989963531494,0.3915959894657135,0.394336998462677,3618256203.0,DOGE-USD,0.3827861450978326,0.3296816346321313,0.43232848906168025
2024-12-18,0.3943409919738769,0.3961629867553711,0.3564940094947815,0.358038991689682,5749656033.0,DOGE-USD,0.38894086330934063,0.33997417403921965,0.4446499615610971
2024-12-19,0.3580470085144043,0.3670360147953033,0.3027690052986145,0.3150660097599029,9565836573.0,DOGE-USD,0.3901062430556253,0.3389777450130273,0.4415789508426269
2024-12-20,0.3150539994239807,0.3280569911003113,0.2644400000572204,0.3177129924297333,11414899319.0,DOGE-USD,0.3942385741247606,0.34337865485959634,0.4447876228407577
2024-12-21,0.3177190124988556,0.3494060039520263,0.3152489960193634,0.3209510147571563,6875286934.0,DOGE-USD,0.3984852010749176,0.3469955575158483,0.4487283468231574
2024-12-22,0.3209039866924286,0.3240320086479187,0.3057180047035217,0.3121919929981231,4115525341.0,DOGE-USD,0.40284837105902793,0.3514089004194317,0.45242427316028666
2024-12-23,0.3121989965438843,0.3278819918632507,0.3032779991626739,0.3242189884185791,4390431993.0,DOGE-USD,0.4066413831958147,0.3539751319693729,0.4561611628768617
2024-12-24,0.3242180049419403,0.3394339978694916,0.3163929879665375,0.3369239866733551,3138423654.0,DOGE-USD,0.40718681326411493,0.35413605854529817,0.4601762102856055
2024-12-25,0.3369260132312774,0.3413659930229187,0.326898992061615,0.334318995475769,2538802504.0,DOGE-USD,0.41334153147562325,0.36422032763521595,0.46477584023864893
2024-12-26,0.334304004907608,0.3373810052871704,0.3089979887008667,0.3122560083866119,2514756816.0,DOGE-USD,0.4145069112219133,0.36296619863069174,0.4661390670277159
2024-12-27,0.3122549951076507,0.3238469958305359,0.3097639977931976,0.3110359907150268,2157162506.0,DOGE-USD,0.4186392422910346,0.3681809114987759,0.4701786867254614
2024-12-28,0.311055988073349,0.3258579969406128,0.311055988073349,0.3239189982414245,1410132054.0,DOGE-USD,0.4228858692411954,0.37072445801165216,0.4738427226149355
2024-12-29,0.3239170014858246,0.3289330005645752,0.3116669952869415,0.3143199980258941,1654780626.0,DOGE-USD,0.4272490392253087,0.376005997285919,0.4788605626407006
2024-12-30,0.3143199980258941,0.3224799931049347,0.3065469861030578,0.3135139942169189,2526977895.0,DOGE-USD,0.4310420513620922,0.38213334512286495,0.48290638998599056
2024-12-31,0.3135179877281189,0.3278659880161285,0.3094030022621155,0.3156810104846954,2204579838.0,DOGE-USD,0.43158748143039904,0.3823202301252174,0.48682908318494417
2025-01-01,,,,,,,0.4377421996419061,0.3873913018851656,0.49164281140020194
2025-01-02,,,,,,,0.43890757938819136,0.3872117594790031,0.49199562202683084
2025-01-03,,,,,,,0.443039910457323,0.3941563667888576,0.4924658161619811
2025-01-04,,,,,,,0.4472865374074733,0.3996092922959615,0.49728954638844675
2025-01-05,,,,,,,0.45164970739159715,0.3995096375009847,0.5029417632020377
2025-01-06,,,,,,,0.45544271952838,0.4036397837778573,0.5055433184027571
2025-01-07,,,,,,,0.4559881495966793,0.4047296098536804,0.504960278682516
2025-01-08,,,,,,,0.46214286780818664,0.4119360248191216,0.5141163606125202
2025-01-09,,,,,,,0.4633082475544788,0.41610833699180866,0.5142763199701565
2025-01-10,,,,,,,0.4674405786236116,0.41556919586168944,0.5193750085493615
2025-01-11,,,,,,,0.4716872055737513,0.42142580028646454,0.5222791748533141
2025-01-12,,,,,,,0.47605037555787844,0.4273665290445377,0.5273977448613739
2025-01-13,,,,,,,0.47984338769465773,0.4282517600626146,0.5340251359303894
2025-01-14,,,,,,,0.48038881776296366,0.43115818257824484,0.5314657290691707
2025-01-15,,,,,,,0.4865435359744695,0.43122511092165566,0.5395178174734653
2025-01-16,,,,,,,0.48770891572075686,0.43947497784250145,0.5370206874594851
2025-01-17,,,,,,,0.4918412467898852,0.44014914969707397,0.5389700778171443
2025-01-18,,,,,,,0.4960878737400536,0.44468309025725516,0.5481778185968064
2025-01-19,,,,,,,0.5004510437241593,0.4490032327232764,0.5506670070372967
2025-01-20,,,,,,,0.5042440558609469,0.4516965889205708,0.5583083619996655
2025-01-21,,,,,,,0.5047894859292478,0.45449799836023547,0.5559387156033629
2025-01-22,,,,,,,0.5109442041407537,0.4581617641924623,0.5634322552545393
2025-01-23,,,,,,,0.5121095838870401,0.46118300053544076,0.5669407737693785
2025-01-24,,,,,,,0.5162419149561737,0.46352461803119266,0.5672020271894931
2025-01-25,,,,,,,0.5204885419063237,0.47283637103889126,0.5705859351609611
2025-01-26,,,,,,,0.5248517118904407,0.47352123908323945,0.5729707015101613
2025-01-27,,,,,,,0.5286447240272247,0.47735226594428115,0.581613776593159
2025-01-28,,,,,,,0.529190154095528,0.4795248832400333,0.5833520069409989
2025-01-29,,,,,,,0.5353448723070349,0.4864159331954338,0.5873350658815837
2025-01-30,,,,,,,0.5365102520533231,0.483681243700149,0.5888906745105829
